Input Voltage (V),Output Voltage (V),Output Current (A),Capacitance (uF),ESR (mÎ©)
19.888349685685103,13.482467209435619,1.5098207538674644,282.0240432450307,52.81802858349873
10.020050079588676,9.904421859658878,3.9771386929738077,940.6503288002751,38.6880446598592
10.301697642336348,10.924324264791524,1.4993385028702635,739.9480295756014,13.316092621754892
10.773208380198117,14.237684932436355,4.808559908646343,484.9991649058615,74.64274224989965
13.660509907852404,8.896638992265288,3.189354711379022,542.7556490241717,86.93824790614758
16.175460811035265,13.852744909406047,4.6839949808585875,427.4912911459148,13.040376946154954
14.384620505898342,13.793012755923602,3.9233952140051893,704.9900574738004,78.06373472541237
11.43170614094126,13.899915608929922,4.271519052005651,385.7174362212279,57.788412648133274
15.19941284225416,11.30922373424979,1.6889408965127797,901.3365431652218,69.41567216274846
11.83346477127497,9.220543229269643,0.5254040756215623,811.0614916043576,15.87163092313153
12.98648143172324,8.681833613939446,2.64594497662366,112.52594611725925,83.15522723061466
17.740737697041,14.692412233238233,2.2355509139427814,673.0876485366173,9.93615493435552
19.059112120991664,11.504172004787279,0.6445643717933621,993.8005253167506,87.28560350388518
15.658862333749354,14.318742521227787,3.917098843328703,802.526394552567,80.08839000752073
18.166521136936517,9.495031546505915,2.5194803753032984,960.0159371412285,61.690622974408896
17.006983165946007,8.149062996892045,4.093700919496485,317.53085460161697,7.682549888154751
17.840880846783197,13.628878801369567,4.995087918670674,442.87087330388374,87.48771255345511
17.990999613786457,10.94895870795174,2.372915512224866,577.9558225102385,25.645058135115946
19.002538818221385,12.601189755779448,4.960386987046985,271.79585017098395,8.775721989653212
18.28415749681198,13.266032797815486,2.06953902455711,279.1786548503874,93.64564946127237
15.66226686021875,12.001284122671809,4.770341918067299,849.9690163455588,56.32168166157023
10.293871278339394,12.733512230525925,1.548979075196214,448.157658804573,52.71269551988637
16.530160396335162,8.50652758189454,3.7022335957873023,834.3536394744607,30.73561172550609
13.227331268631854,13.08695370985389,1.1665208073612174,856.2362212046196,27.761124845141417
19.303847014490152,10.736750825136944,3.6245268544817493,146.9338238005192,66.59147800491061
10.829478931170927,10.229622224248637,1.6407410832748555,151.56708061277385,34.687399641436
12.22730880358355,9.352710426066572,4.547784074276271,833.7981231820146,49.490507605353756
17.717694257229752,14.123397121562768,4.529082727647861,811.2053303614956,88.80761799282816
19.824472621277224,11.298082278766554,0.7495084485039563,299.0880491142259,47.77584414713083
16.46186569085516,9.733021814853979,2.458609674804644,913.5022663748239,43.864405259071304
17.8567302803303,11.579396911207617,1.7726370477951865,312.8972694903349,26.146119764109308
11.236765634797981,11.097410192404528,1.427178670578563,941.157264861007,44.27682118618414
10.113154459632236,9.991657731275362,2.7071536305413098,438.5431072274959,94.80869900438344
12.456331624116903,12.866753978515217,3.014030239249894,670.6561516185502,65.81864649170132
11.932309852994667,13.009248634731575,3.3211849909586553,596.3983102151158,33.165019672164476
12.026308023663276,13.487568459868983,4.965318479871221,831.9486934825247,60.88687683386441
15.846628105429993,13.429625118358441,0.5454672802747687,631.1127959539277,88.92937524013284
16.31544612888721,11.582956996371713,4.191713481340079,297.6416779299585,50.08128964510838
13.077233478548736,8.325549061429884,0.5705112689285935,571.4365090979081,17.12462554969863
17.66898581740043,12.977202227092132,1.8899016835415885,132.18406485962458,81.29134956216225
15.881629460866694,14.638811215843479,0.6199308691877916,997.6450101347227,90.83310559898362
19.89518160954776,9.373916127749496,3.2155403287807434,105.42066516017307,88.37399870643189
12.768224508094875,10.368752899149799,2.688271019196938,750.0118242990545,18.24315954188411
13.04103759402099,10.697800433599806,2.0127620348734627,693.2925336778097,96.77961250844561
11.054990604825255,11.755032348067381,3.023612282830058,639.0445568577408,56.85981697037862
12.617881970953425,10.192224968467592,4.190055233358538,932.6097686306872,34.281899755791386
11.913250366073314,10.206883096353444,3.009958077962218,763.8292048426453,67.35415617315039
10.570387346739466,10.228893759529274,2.899854863705181,531.2533162882524,80.73474919129
13.271279989018778,10.645058415627485,2.1944262823565728,265.507385731615,57.20021838885676
11.210247961504468,8.799189939359438,4.840981237297949,473.5675134651288,38.98198873691729
16.203378228978544,14.287882535921916,2.0790532147011236,847.533153668199,7.0862770116265175
14.187290876091737,9.951115863345436,1.2127406302228274,531.8986038159924,74.47586527820764
11.967846715545495,14.181520933205636,1.4940137703034138,829.1293211808013,51.02991555705874
15.901363511213773,9.501518542338111,4.60496578031241,986.6967144570173,50.19855613486527
18.169555063235673,11.612489197043924,1.0577388622767396,615.3244253422357,64.23165850251861
16.870463197911313,8.60621388806134,0.5222860575850321,719.6766664633121,8.97135653149309
18.469448006605287,12.06085050971361,3.779990550348161,533.1517497965799,68.32292799420334
15.255530586719887,13.346310455500554,4.492125580362152,806.537108602289,84.57253436457505
13.27148752306238,14.094249321262765,2.9257361467020844,491.36410735183625,82.86571037259147
17.56697032998418,13.378502669074702,4.86770309294338,111.75883744614153,22.09319645110279
11.38833494291346,8.174489932278915,2.7838835352055837,528.8052161110785,97.27136778606862
18.878919980589252,9.793815463218674,1.1110817594265834,452.7564328968842,52.974968639333404
13.850142761745474,10.126017174229652,3.2729739608524087,977.7234140731707,53.5995320840923
14.510006280117679,10.765205732592802,1.9467910075888217,298.1497977321842,26.04354680153727
18.655984416362955,10.149032392678274,4.015195395823634,217.30190301390783,59.13381314109539
19.349147256929562,9.683909030287506,3.5758212644761107,313.31171880767505,95.9054086211447
13.328741705984594,14.767228626895783,1.6588720631063059,111.0714744730906,51.42880986503188
17.609241423075474,9.660810697718235,0.5296236934021528,263.0999960955743,31.396709854286197
12.764305732794776,8.16074249146995,1.715898176823266,308.98022784928946,18.95408751219915
15.056290305181287,11.366867455542032,4.19084670026991,257.2229730410978,43.32050053557169
18.948603837058698,10.544979646470827,0.5925058746572216,763.1006107292276,12.132671380498946
17.952203397503244,11.163456792471683,1.5058420714103051,375.45633608428824,57.007129300163584
13.458895484533802,10.730849377749438,2.435383523055118,355.77002642328387,82.53837571476991
13.004425500116842,9.465513545422981,4.93908176628924,190.92232215370174,39.612037114284455
12.251066769598992,11.093341723034886,0.8920352927222004,271.60232861334924,97.62675409151628
15.326828256560237,13.874315620859477,2.677787593510943,939.7705876979669,16.81379303213378
14.36338254118194,9.110726423691164,2.9914063182131128,787.6777553915338,48.451863790204236
14.181415529140352,13.469208104962025,0.6097620303726681,142.50991298203118,19.65091897756007
14.261546377740649,9.606919258649185,4.025730444383656,258.5621813193954,12.603479365581624
13.327812121919218,12.031477279299677,1.9397281799350548,277.97695812236634,61.818868722752235
18.029418077047545,11.528244986686314,4.319570536555705,120.06606236633095,23.844991629057485
17.088728550149508,12.23682719657056,1.2421696966645557,918.1240358380835,91.15323273894917
11.481664055587848,8.66563203578785,1.6042733992821159,966.3894406224462,53.48405647029614
11.447773191838909,10.488340281469391,1.2243323997682047,168.61415720901988,16.927189791390152
16.831651820172517,10.49177485672157,1.5394890475131695,328.0816898177469,42.6763887985298
19.197215358771707,8.246165152029075,3.815647447519405,862.7118962020024,43.2324832261369
18.262275014605727,11.500901173881697,4.249784728166004,253.1215942340531,85.8490522457864
14.805570712051704,12.222718665152044,3.865890990745019,606.1796075054174,8.142134323964374
16.11482005838618,11.77936272769161,4.1765878345731675,732.7601556161103,37.635548007820724
13.629166567120421,9.926873868846721,1.2251496237260313,540.0266238847479,5.166445572320672
15.344043171028066,12.545614171925024,1.3935400003476,373.4221516121247,12.923930668742198
16.451484434749823,14.50661761104649,3.2517160412050563,282.5982473351123,99.32808780499829
11.248959803076279,11.135435627871466,2.307713221722268,872.1396935599975,72.36520790862129
14.113152005893319,11.780678571838553,3.930038549513127,766.6236364769484,17.211477242972247
18.68007201541018,8.971796389587851,2.227681936199157,992.270820650545,15.972911296790459
17.572189811585787,9.777055782777671,1.0763069081972791,899.9247596393693,14.528305076592098
16.247729508500306,10.17018768802599,1.706631302790675,102.48686429124587,83.18889229715005
18.473089383335505,14.15669537312838,0.9104658060822421,988.6771841861919,77.03697394347215
16.547605165051458,9.303888202470409,4.039484568107213,565.1673279078285,99.30097984274126
17.723235020268387,8.0909692303944,2.7325519148180444,955.2539635674822,71.66835339514691
13.947718006004514,13.14078954570603,4.414623255342583,154.36450230725413,87.80335408635396
18.301359951965495,9.350089836000453,0.8812681255822172,896.6760697145057,53.30451548117504
12.22218002132433,12.436434455682605,2.6932712082256325,444.8465520287631,41.91708344630351
11.984733845006401,13.171858523954896,4.631345911069715,512.5573368830915,28.953385785451232
17.741312538844628,11.790549784104716,4.5052425860418195,304.70206119655336,13.544564950190821
16.262033515141038,11.315619669138835,3.8141173758631406,224.8056120390693,70.51326611739492
10.066431736962441,8.871775234349037,2.9349398233707173,168.95291809821873,98.17022295779542
11.77637495015531,12.297509172134014,0.9801201903593741,490.19941459062875,6.883594483943226
10.26538708047174,14.119105223493435,3.265839476151042,411.47124609459644,28.01138258197964
16.17790774581268,14.466334269944223,1.7520506928644723,964.7169759391973,34.289523876231
17.241428913922313,13.181399615671726,1.4199486006365536,819.2139931993111,29.29004063009985
14.25264602811016,10.454762173127826,2.119065116319457,675.2612508503034,36.415809455612944
14.63869098943712,13.945480955696823,1.47389912195073,628.9022120323593,55.040191446065144
15.660516647338802,8.602551792886853,0.7269675344725743,920.4826002619226,89.92037729982097
16.402148307882324,14.009125048796104,0.8276044801943159,373.928680841371,13.770580633091429
18.8521341638595,11.320340698768096,2.8392701844231527,639.8386957226118,35.4572433013902
11.693776692434453,12.71462734663979,3.354371081920548,126.66865848479463,17.869575626447958
19.400067358085114,11.680344867559558,4.476885737218891,690.0570423026505,11.265311308339667
17.77085993212618,14.000076581997945,3.8538753118309317,686.2360320239782,91.64120362940845
10.920039533158715,12.107075264777787,4.092945384778596,271.6221579858843,26.19633225869786
14.522412968138681,14.984423896428911,0.9740320175416981,596.2053092477884,74.55333962722239
11.563184318562335,9.269068908077484,3.2393573416663126,783.8968030284772,27.35585842004926
17.36411294453379,14.421049495742146,3.433580399134177,779.7111237572449,47.9242417056303
12.620079240306392,11.420592132439497,2.5915210402947,196.0070421808357,31.939333684033823
14.948317875369968,11.38153596461565,0.6285314690748465,277.12790561582875,83.28739774772426
15.268721844598794,12.102451860987241,3.9271303123000463,489.117450874798,31.75802542337535
11.733893595508217,12.030912459910923,3.8739930679787395,254.7364941160489,61.868073935743425
12.733718682100388,11.944068435486738,1.6813861977230788,889.9407892155803,62.501462283166184
10.515386149240962,13.969204145147765,0.918584695703514,523.4174125077509,50.77215807820939
10.091286911834187,12.596786924401309,0.6590458012816973,794.185459626689,4.617868245587326
18.82536742137546,13.549723453850785,3.182015632708119,403.0182270624439,27.966687982933152
13.663276781282669,8.782174134356307,3.839718956679718,180.58772377032403,81.20616954332122
18.230384921551362,12.7107295667679,3.140323502735588,281.1262429038885,28.05605212107662
10.766498666147674,11.408414020569332,0.8467527462938422,399.5430704378747,91.43408471334544
16.282061405900983,11.843906222000648,4.016354375020893,613.6303236835429,31.380836347982424
15.607617397586392,14.283519381315536,3.2190248051153336,544.940896255386,33.01402061297683
11.01894450940253,10.524636234013055,3.1215603800150635,151.3225229209893,81.34717926067826
16.37329340362456,9.053180306238477,3.2622455637762093,884.2939176293603,26.936110829083862
10.638662830563861,11.920111832820776,4.231004268170212,746.1442159689926,12.048595841349055
16.71931790712099,8.253787422538519,1.329854823298508,519.9898104102799,77.39335947418067
19.880545228197175,13.839784506874247,1.9512077109324193,474.1992162696523,86.27763043661744
12.540373550149495,10.57378429316567,0.9225250662378145,469.13634624166116,53.33161439454493
10.132581542019972,11.404316646535335,2.2216635112953362,882.344030977583,70.57732476142624
11.26956155653243,8.080366415525829,0.728467578970534,710.021413520576,34.953223566256746
17.497639225165994,12.32550620677783,3.631018117658501,317.05898414462695,27.243035762919142
18.654223606344367,11.625532330014824,3.7880237572763784,389.1078633710049,93.7647582025725
13.545176190606407,11.23559851250155,3.874210318717722,991.5894424703862,54.859237294795
17.422718210535677,10.555569436378162,2.015295889575068,868.2321817168008,33.96026194055674
18.486107634118923,9.805379255483267,4.2660009606345515,179.47664677127972,72.05657757135994
18.45743544586327,8.519090581321697,2.766937566912804,493.3160368808844,65.1627581469553
11.143698765483558,8.620192415901034,2.387749514400049,532.6934583867705,56.83965699826664
11.402837670143814,13.952861030314489,3.9964273319309185,338.5596657041331,61.00677698261668
19.304733958660535,14.670125751022876,4.714438141540167,391.88087433428814,98.32864408236148
12.075924724327423,14.753272226522995,1.0887594384448769,631.5388129334812,44.04506989505842
16.847226805337662,9.240766649324918,3.8317846790243446,683.1057884367258,12.765233017294037
18.992792856074043,8.167406014370508,4.868612082894137,576.0268329538529,28.96279174113266
10.249523639184714,12.833247083074408,0.6299250313365012,409.741716247989,67.87426863428396
16.870413987712467,9.205162972196511,2.4389849298264528,139.24863198361018,77.00663544628173
10.171724644164279,13.049459880245248,4.234330390754899,766.8266263615307,4.562168772614734
11.722163598371347,9.569460365853226,1.4849348583873065,524.677962373092,11.712531289613523
12.986087092738963,11.050330709765952,0.5162986338399748,627.2588855467387,31.86757182047634
19.379608385360626,12.598855135285886,3.654369211847804,974.793106183146,66.70602579426499
19.07328606068063,12.4391188622502,1.108319895630441,139.5445303359856,98.5959199980183
11.353764565273565,12.366801122519998,2.310685579978907,998.8362780068645,46.07846674725824
17.586721180820966,12.931947514149133,2.475225740460169,694.4772894331944,4.150654677822965
17.289848343808902,11.409599996741477,0.686505978129825,989.8335942986342,95.59312144602202
16.666200252824055,12.08094700531373,0.705462212585365,761.3419954741228,74.35984174748666
11.283849846569284,12.23852029783744,4.928912430709169,943.9069193193942,72.2057011180463
15.671412931314379,12.734739872287653,1.855612409573003,333.24773579536725,70.14088004228346
18.30759673619427,8.394601547159649,3.927498286048775,746.5619714622829,50.363083470080134
13.15860635963568,9.024268911101244,2.6230219477725623,885.4596212068446,2.547755004122481
18.676971260628697,10.65347131902081,2.7689355417271186,455.8165990303049,11.271389306168153
19.506296994172985,9.238805330987883,3.6245884492656177,250.56853724156312,68.11189711147756
14.058636790193269,11.077443926169748,4.666321704445222,160.9113405289694,5.00094795435602
18.796941193021222,12.154266887707841,1.5672068257124219,729.8807387437807,37.369253101156914
11.41910378022589,10.353970320249873,2.22658177703719,185.29600142926733,39.28491575212076
16.988979130670828,10.04409032019156,4.441418241415847,792.4778756408548,71.88954996237361
14.160768308722139,10.893201552125479,2.7491706345370597,342.1006675336144,34.775911339162256
15.304139353207,14.733561811413626,1.2596909910170717,254.4084331586581,96.11169581632977
17.352359373820633,11.258623973562052,4.325949059339925,959.4427762635486,98.77503365973266
10.568458341543927,13.265844787322035,3.3049992064627283,707.7658306685646,49.376872057905345
19.00070112823457,8.936270241615684,3.1063638925420296,819.6899607222829,32.86119759405621
10.749004354266702,12.24071894157414,3.534217657697131,639.8595410100945,80.93985084281402
18.966952742530182,14.04083979997693,4.3969027172590085,680.3903838107551,62.67595686840811
11.647948317327257,9.002888036442165,4.968672266939204,992.9310791004053,78.40866850631969
18.56530895923693,10.550418820102482,4.016932983179068,342.9410151767586,69.1389292657063
11.57201737151129,11.420189690235574,0.9087507528655329,705.0651884078338,71.14303309961132
16.302921589352664,8.575225712387253,1.237027770046431,529.7716157664879,16.54160785390942
12.750907462942212,10.050971479114253,4.413534280206989,101.01151531128238,11.418706688388832
15.038262634457979,14.66886828017687,0.7652006571330623,680.9735781857279,75.29534338964513
13.655226627221262,14.654092276745715,1.9578301719334288,100.16973953822946,25.965785142227208
12.480986657940798,10.939657047794912,4.141118033628773,917.478708316812,11.588220704475505
11.453906900391841,10.709635230986912,1.6126434027503769,270.01122231024146,93.62329434470385
11.07236876988136,13.55469053017948,2.4789545108232183,881.8212641833107,50.632338346819736
10.160895104053573,10.219028802386557,2.3960229701489455,305.7335943435983,47.14384359445238
12.560522140168123,9.660088911848119,2.8509082197073514,213.3669796951669,6.153833215550739
11.881381985050826,14.398666505089114,2.9389250432680663,475.6246536991037,31.6613482735175
11.564217419469552,14.10831931556016,3.2133034250526125,549.4972695813096,84.52165528177112
19.97571039160295,12.335525657485416,2.1862141439911396,304.51055065248187,10.922952188089306
17.4984502059273,13.443159446205541,3.7748978247128235,463.4212887612832,14.403672976138349
16.96794775375707,14.206748477267237,3.962009225661088,508.48983025463815,29.04735217305149
14.814263141327624,10.910041003508505,1.936287846142575,112.28307156641293,58.05940900303777
12.613878009562608,11.597433943016892,2.825437400277465,597.046491390196,48.18505611876354
19.651571964665088,13.214141654312243,4.5542583068648845,420.7865794232824,53.3756040080172
17.359513857872415,9.363104652792012,3.898829944089277,791.1341428827049,98.24104382299141
19.601972946500677,10.65117929293216,1.6594875649166367,194.3553467805577,31.395656722490404
16.00706039194384,13.646935231957594,3.102106193680843,254.41563191465502,37.325281874788914
15.126605899017546,12.937916860814605,3.088868497082557,429.89451110018763,2.4663861268622957
16.71621740364675,12.142269483283938,1.1686324381647835,237.97564590128118,56.9009676636183
16.069767687925157,10.626945623420125,1.8174788562450712,833.8611904740816,28.08260843294281
12.912386768415562,13.5668469256661,1.958665800177387,792.5678237134517,8.274403710679282
17.522705134734856,13.157366750655688,1.6536113284183465,329.88220561069386,54.44506523154618
16.383413257163017,9.955376802405132,3.6659181050417997,424.9515729463433,23.681664240352955
15.680823101604258,11.916711992229342,3.2736190439095507,528.519069166269,60.45257609300064
18.495869198012784,13.351501600164182,4.080056173070304,595.7222970146349,68.94467722688589
10.744394780655552,12.57489701996583,0.8283031202611619,970.1183863445718,64.72285533078932
14.605097024483678,12.707410170008302,4.408144522048639,280.65380241631874,7.75501240634243
11.078593494970166,13.552804846571266,3.2655725819233536,222.3594968225868,19.98466479108976
17.13500605818484,14.360471307198289,4.1777629585327345,565.1656707768624,17.221989418158948
12.662750926092105,9.798161937486368,0.736343613402852,497.77512272226465,7.402840285812304
19.664628181255225,9.005037115261478,4.897137102723152,243.91081791392483,62.10443041433847
19.171215972237075,11.198817790504352,3.729097027846501,844.4526132317195,36.01379370937128
12.429349390335123,14.16619649644127,4.518586981149999,148.9356082580142,87.43751166236032
11.549713366252021,9.580174214107576,3.1841172298245426,713.4897453537061,45.61884110116408
18.590791096897558,9.369835732585535,1.0035756700412812,865.286561332456,35.33247229664768
18.185492017205547,14.805423073237568,3.9335149271519225,187.40109120116156,49.47797424938605
19.020153803298157,14.40956451738301,3.6020623212453513,785.2673345830356,59.32499782816676
17.180943992089055,14.531126261164035,4.4410358682752324,549.6084596715145,72.30614037592815
13.963062752463854,11.07901950269729,4.73846030372397,155.2680745726495,9.818443657324556
18.934328855231435,8.94551344749369,1.7941358403384113,325.4963329791914,50.65912022229605
15.111845308556063,14.004394945408837,1.8794392930708255,489.4346770950915,88.77779095918638
16.49510318559025,11.540608881748973,2.694300074382888,317.2560031445937,10.017485523474562
10.141633685479075,8.91428608273943,4.591666290013332,567.7887998003393,68.10869853985905
10.673946860874114,14.598806022678485,1.2907830921009409,584.2496049217555,19.275817009230384
16.83904016566073,10.700621932270048,1.8942548301910933,423.4580747876012,6.184712090325631
18.982703035437773,8.080328188070872,1.6322459740885649,147.960863507914,28.445400902637143
17.358880914088136,11.94128826923664,4.536172708425965,176.72045731270873,69.13078252063914
17.40910853985029,13.593142650453476,4.597297816119232,451.7597737509435,51.482555741048586
14.27811393775677,8.338019349469615,1.6582095154947494,930.0843388393404,85.6963393437425
18.207297727860713,12.753837325005733,0.9493387013401449,239.46806124955663,63.97066596746779
12.838333179347007,12.631757319540721,4.557027930414047,996.7384561347408,45.7921084737028
12.099344059429827,8.110496331841288,2.0809579568326986,933.9955577209233,33.50947189884159
19.70612618176677,10.666982938335497,1.4511556562405716,198.29617507661797,38.640903720144095
19.85849661236177,9.412228487531195,0.98263840387227,684.9375562563748,71.40484079023581
10.922864896647603,12.147093095819077,2.092962432370334,671.8363423157757,84.11833776847115
18.610799668173936,10.543525227210221,4.658644693005663,772.6280748750157,23.34075798052657
15.415513872550896,9.187713763962151,1.4970263170112534,510.0914164195764,98.0930930759325
17.327768428645157,8.853868638883926,4.544449360444606,433.80009823953355,63.743474800686315
17.346921751183526,9.743264498277625,4.884480177657049,897.6957373426709,19.971224510696967
12.463029683803718,11.862062379396267,2.6491059430060404,149.51116779809155,38.72164205259526
15.817191985760267,11.470173100567557,4.647556566075443,835.9297292328708,59.189901819989466
16.754966871728598,8.320961910813944,2.0872732071020352,742.032690280441,1.5411200840131023
16.112407279739262,8.30261194430457,4.893457005765819,730.1760307509386,21.47546044358825
13.027954200140531,10.960294410214388,4.1541759166614005,448.0174845743503,23.332219235473808
12.528264652965078,8.959672160440627,4.86046280019233,455.66557635211325,68.32473049871443
18.923590373719723,11.513337471869233,2.1814333747739836,183.94129135558111,14.910836421576636
14.656637131998895,14.018336421919479,3.8154343261035635,733.5345505483206,48.646976104120284
12.53467634856829,8.597148258613368,3.1474409584927576,118.20828257563616,12.914720035665196
17.713634506751184,9.26851280074593,3.19829329472573,472.7029350611056,41.94871354561278
17.713542468297412,11.30523886420028,1.6153711346525583,228.58304838152233,88.4124635935104
13.814358990629014,12.424715091136697,3.0781409646731257,484.188835992172,30.909258859681525
14.334032672631793,9.084587260911439,3.8251439106073652,167.47429008097032,43.1513388775749
16.412131519065323,8.626217667810295,3.962134012495324,149.05972363214175,44.354848028174516
12.382562014969931,14.898785366289736,1.437815742690188,333.49293875231257,52.035072327293825
15.909989132018193,11.251812080305942,3.73954513188739,556.69484470427,72.19091722783698
12.872682765827875,8.986259878945505,4.780671069333863,529.4926946339162,80.70855947197353
11.185866549302236,14.216178459597401,1.447429775912114,866.9823374210762,12.980171861765552
14.394904014012708,10.857892007573243,1.5010233642714002,533.6061837362172,65.31297392100376
10.025966752871682,8.115317946856042,4.21358922149019,190.10524192454756,60.3782589015052
15.669238452973953,9.12481194796183,4.192409101137071,224.236887030125,50.630391256341866
12.399899805918153,9.178534930638694,3.185360847282507,392.85531738601634,62.48023433221238
11.455726897337337,8.673269004583906,2.1656099636317947,204.12120903702026,34.56645736809702
17.751092827512654,9.640192790466253,4.308366073895634,366.9406251387899,37.19094654614317
14.50923081733595,14.697474843915476,2.263849905678825,416.0374716067902,95.66927631796072
16.251289971383677,13.911131926117584,3.094751803397353,585.612809442417,28.30629478456438
14.75165181518112,13.921417188197658,0.9666992442632497,755.6838787764481,64.18235016584744
15.748750870986244,13.558233242920188,4.921781324034969,806.1940808302438,58.34542274957975
18.35192003874051,8.300741640999274,2.7559656358141265,988.2908695145748,19.890361954258115
17.770403904534135,13.735941243701454,4.752272014053176,181.82720438792128,68.82630444691438
13.658246234264217,8.3261807988409,2.8284685048676623,638.5027648364502,23.371909888248748
13.606042972678868,8.790922874830366,1.6450077044767846,745.2255742131314,41.56501328239838
12.439624140601975,8.24153027464779,4.45809960346414,145.36024353272637,31.36425586625017
10.324111573227054,10.401837464700817,1.5490513297096915,343.46655870696316,76.07895302005427
17.382735924569737,11.081432998838707,4.170796116854058,906.0458446650159,26.5682456575394
15.992738250076144,10.89935716685478,1.266391111513018,799.5185177413456,96.08616674020301
14.89871934763293,11.410846856914088,2.694639098529662,287.52661318555784,73.05120101029135
16.262760499169595,12.367717990491524,3.0426319123005827,516.1270536106281,13.900613472937218
13.703492798047208,10.730077569730978,0.7344580130959344,493.5703906521756,14.460923564427507
14.041581770967401,10.317484589259038,2.7418430098526545,986.4344164738383,20.813733708456372
15.098620949642587,8.110492509082675,0.8028666557319932,267.5500019789465,63.073281954948776
19.680669384130955,14.309034470202079,2.4487398874097432,501.4827067751384,76.38507285109132
12.93008130850715,13.319998321753356,3.2121189607400917,677.6523851566391,70.24039000568305
10.378825641311467,13.196229471235473,2.980855135169734,774.5601989123252,53.04251397131246
12.229730945635305,14.09244373933672,3.21586060512726,798.0311950847919,42.35726010563857
11.093961657052665,9.323581118923926,0.8093547108451302,895.3816489397678,77.05739235077553
17.79902096968015,13.2474708331607,4.499198540587115,139.48618125212948,80.1212817712794
18.474716574274538,10.380455391539243,1.4690693755109008,395.8465937972613,91.34781567670012
14.780257364903022,14.525342711389513,4.5934424105165865,584.4579248296599,84.43460996018163
14.417586477928129,10.61980790898648,3.285380850780684,551.6592736111661,83.48507272554511
11.477709487586015,13.16467483140065,0.8505189112268186,471.0148387806324,29.827817862181195
19.685620773832085,13.421316633993962,3.1293170159337245,633.0317232523927,78.08625999941866
11.23075060947174,10.713858652725412,3.4433971208813716,241.1267789079924,54.00522883860135
19.037349977134333,10.262807754713366,1.2358622329842661,241.4196064547927,30.498716784608025
10.280415057980774,14.629307506787143,4.779408896967791,350.79414845183726,31.963035582461323
10.70480987905066,8.947512451722032,3.459099744103938,822.5364749996386,12.003813775349723
19.184757718041755,13.019076082589933,1.1487355861947477,641.0575991766372,12.316730573201816
10.646950467987452,13.513259192106311,4.0874733010648026,135.84868379955083,81.21011709006842
12.6054654465052,10.603538157715317,2.689418309234065,171.46770309023032,98.19642196071842
14.951836199260985,14.622111106060913,1.9024981601997577,262.355481476055,37.07294718417983
10.016872700673243,13.38096938270171,1.1205512687691512,213.90482680415724,30.333047860017526
15.131939050806547,12.045607728976684,1.3109839479778347,540.3127017819311,12.562739198315148
12.732753627791201,13.975845099725788,2.2166207620798146,133.887694729648,4.121337548188129
17.94086510807998,13.11095216690908,4.691863109026978,560.5787433897372,22.733533809301026
18.125305374122824,10.301329216842117,3.3623417580930375,772.7948055729878,78.9505666145794
19.73573908926886,9.46232270892784,3.4379024036579797,973.7146558944546,47.43123595078909
18.014691310302144,13.944237448313407,2.0993760967511736,234.65644519823795,70.91911864325922
16.844206590353544,13.894147228455388,0.7583194934494686,797.3162584338579,41.25580841417706
13.029071086879338,12.066044647642583,1.6343499106213188,949.9860204156724,43.62617653242191
17.216771309088468,8.962111167499009,2.532105021994585,115.09900045901442,68.85992342754129
18.467487129786743,9.909832823938672,0.7222378144616672,245.76736401318522,98.33579106637343
10.65156956814981,8.059580066671458,3.9730361218211256,315.40680413368636,79.46094698364548
14.013636503228964,14.211314603848352,1.5244617729441388,924.5321730672998,69.19737428962739
16.7114487346662,13.805445157470466,2.931817699405088,643.0680783116072,29.529062726316525
10.002929552933026,8.83421731350722,1.0405224358077019,863.5342758758488,39.19500416501584
10.995661504688893,9.87180773202647,3.7101798965461708,291.469248938939,40.716998324229664
18.083002145537332,8.353113878261304,2.4839800251072948,628.5933193240177,42.82722512083587
17.966107096590456,13.728990576873542,1.5832758503101172,750.3329760454235,17.035774483853714
16.709677581457306,10.879072193213403,2.0856458595150613,731.4347398462144,26.609229570555836
15.020794263579143,13.608954938285725,2.2209245653157197,356.7539387959023,46.99618854444026
17.792102327307774,13.604629085289243,0.5431611264231961,500.9127550152375,59.26531563198233
17.469953719245414,10.479083100792572,1.0068113022825462,614.7771271826509,0.49954078110016775
14.815258420441499,11.797409467161824,2.3894666713848594,559.5278778058365,67.3321024698857
13.360362283535766,9.590796009352783,4.537542936000269,993.3394799025943,87.76816442346737
11.827068704042027,9.126247150194272,3.7046596192942323,843.5989264659071,93.16564571953009
13.402441146538122,8.96171218116177,3.1231996637988235,806.8482528897053,14.953067520214509
16.261323549907814,14.154577861324995,4.897414317296183,964.4480751762246,90.36664714724137
11.190034472483001,11.869903975524357,2.3939168457640427,242.55534298098027,14.130984351631485
14.95048123042351,11.942384245923687,4.9000491012928435,356.40267144619634,89.65473566955552
10.669794219342432,8.631103467677637,3.9979060629773073,426.2591009506522,6.754616891301348
18.22538759757221,10.355120712290699,1.3371491061163447,881.8727092117247,19.328631019845776
11.967625971605123,14.831477489679019,2.9046413717462896,588.5529837265949,24.322878339101592
11.364773293188973,10.634610595297204,2.3195096156423873,190.35004032775652,95.26595114669604
15.713971187161473,13.506980557054604,4.666888059772792,541.4317177532363,53.23273952694083
11.079947778438695,13.253189197816802,4.639530748131428,678.986851824991,94.94382079519342
14.57026538600769,14.93987533614619,4.289173296214274,241.30178195976606,70.2709992016028
16.654066441576045,9.271523046788438,1.1913913739814601,570.8435251862434,90.6664593632435
10.49783462094382,12.937882557857314,4.959896534263294,782.8958808996667,61.41781299134758
14.898796459841725,11.5658512985135,4.59959227455849,973.4696237066803,83.91243381796872
12.341672825600064,13.501923871780505,3.0040297782261747,725.4106962425695,35.09266336334225
14.442452229276016,12.844687520633963,0.8936406255897988,887.8166122819359,94.45596837640552
17.32189482871236,10.503440942240088,4.100210588464299,672.2474634263357,29.15422479538066
11.054121672035187,8.414052760225958,2.7748586615681843,779.6273937046475,71.54310439514718
10.334783691437178,8.055018985363402,2.7141775891676967,503.7104622153708,91.8204883729507
16.536212348660044,11.66597532561296,3.2126634569790675,644.9165252769758,0.9309854304299688
17.572329776806,14.137224020123966,2.197012486777747,266.24822397249494,70.7260747905054
12.461891984379623,13.097079110727234,4.0129943643293124,238.41765161132693,64.49412584280364
19.644024120917173,13.574082224805403,2.7647132345703804,440.62448592803577,53.65752213056067
18.42644385975408,11.990328841962338,1.2461194415461407,424.8117336566517,46.16582222255436
19.483622831541314,11.319907208172378,2.940576828588781,338.3616521526602,10.73615377950799
18.545131975299505,12.293965523143786,4.335016860876781,567.9286473285595,75.95737763144999
14.78926251288408,11.483474847576232,4.645847589568538,975.747585973114,70.07248110962195
12.147696823073098,10.077867875350803,4.564798356761257,573.2361421720309,96.05766793822843
14.723336506023758,14.06237531860476,0.9897880427886083,765.5913062187976,58.34532271573717
17.533510211901856,12.987336012558654,2.442172540712054,935.719163441591,41.63083185484181
19.318114688313855,11.617492731356604,4.794380876497813,489.31161408874397,41.210885588352944
18.80576502223188,11.321692000269952,1.4382409928591424,279.3468765941759,89.88598882088785
17.792226562489375,13.568362219100344,3.876718144116208,271.16932532599617,96.8278641543782
12.053728075739073,11.53616596775661,3.0397465578741163,587.7095807877131,21.67466175859017
11.263983601149866,11.130903956647156,2.7057585930743784,500.3733377884067,34.94172440529955
14.616171678245395,11.75124957972464,0.5164975308035938,279.84605357063947,20.888901434881586
15.947445516765743,10.117257765801094,0.9231794521361713,418.25671311754024,92.11810024842265
19.125995431315847,11.768110120789526,1.662566049008701,942.1169526510589,7.612600717630245
19.591759195655804,9.12955688485507,2.0174479341437888,120.90373014357026,98.23433518663701
18.154048688504098,13.871320034512221,0.7949505891879887,958.1869159771511,19.213444365335192
17.574741424164227,10.014868530166229,3.2997201807396133,449.71081827870717,27.70365275902331
18.80172559875874,11.771086366985823,3.298910093632562,791.893838383313,74.1407873395992
12.402827672578605,8.23104556095663,3.4159725649373462,991.5701241042161,49.87984373678267
13.310166550769251,9.664357567667265,1.373045048046735,913.2596266332681,55.23415234754022
11.663038649455398,14.498597542560127,3.5683872753921904,187.38545091370372,85.5373337152147
17.69598217457041,12.256065701987842,3.5577196082243736,158.34608828316652,15.802726940228851
12.722209090880682,14.28239763644336,2.691741710759292,498.89056472496577,48.151947883307905
18.887407412617137,10.62764892557466,2.712863415504365,906.4680157426877,94.22666195919246
14.959481267796123,10.720226709028454,0.9978899412833133,804.3510488948024,98.45701466973307
13.06387343167821,11.854103002337839,3.296768088819571,180.34236570703723,32.58938275752135
13.384691111031865,13.700304638986088,2.71211154590151,656.9807297522887,68.77216973783803
16.71267190796082,14.68527438563245,4.78036487890462,570.8998909900016,22.85716304782163
15.50352041187997,10.056830461768676,2.462223349596394,255.53400833375792,29.760999168692443
10.547133936346743,14.813252915455124,2.911079474617578,621.2591455128776,41.86266721536611
18.8018122046998,14.789481300017918,0.8101485132476183,853.3358286151897,7.01410895923936
16.347630872984055,12.847115966668536,3.0582137233526314,661.945439384276,52.324072021534136
10.670346978108654,9.595024581741608,2.7383821798688444,804.1268265267257,95.26039018003696
13.254276848337412,14.795753786531336,1.6240378051845148,473.9048374996394,29.506212060284295
14.000116911031387,10.240784409905102,2.0607791885476763,444.540291808396,86.45810927897853
10.16102457232169,10.896765237206422,0.946016935455646,388.56149129740777,93.57753963346929
17.094286008630096,12.429060265178101,4.541819458295729,711.668679181361,51.410966844297775
14.310319988172619,12.501025837935456,0.5159357936855762,675.7447980432919,21.739318182518627
13.893505631169532,10.688874264524733,0.7130865247368603,699.1376458922817,21.308840254579124
19.36572527700215,11.621076349947096,4.930050246641408,352.45602540104977,12.267515995352193
15.776260909434937,10.048374685555359,3.382590129951518,815.1628967046557,79.57037223646148
10.358322929741545,9.069490273480648,4.270769325268222,715.180257438768,52.122352562168125
13.232626254530462,14.45449173820506,4.323434413995409,330.03326442849914,57.37471200449394
10.223254682006674,12.922885693374987,2.891729154777798,903.7864959122611,9.124295697289856
13.652925877887805,13.387269753461986,3.4361050427144257,831.0527009067196,71.95952410593485
13.43906167798104,8.414536414220683,3.081935900519813,705.2594489532049,91.16017142465289
16.677869463664923,12.673987227453875,1.1202408350686879,599.5784406214623,71.51244614929352
13.276193206255783,11.156945843948062,3.998718309860833,786.2419999555149,5.2426909293925785
19.587208294455507,10.783866141845834,4.649596093352044,907.7289814420845,74.54837291346054
16.84371556051736,14.846314033078002,0.5745146647152661,785.9551337794276,62.53721045459942
14.44152704500495,10.822991654851382,2.0547095145285383,964.1732834338541,25.46313387834587
13.144415806873845,11.195206974072967,4.09061917026435,934.2374947505103,39.3880530574369
14.310683784970092,13.766178379001683,4.9508696115186295,353.267364448373,49.90584968640736
13.989347518690694,12.661750848793314,3.45250186285532,597.0840912322394,86.46318372351779
10.12402327035473,12.305463289102306,1.9657379882729031,199.03872700930867,82.40361491758621
16.389602309676015,13.193138793038333,2.3804082269064146,769.2427715810862,44.08226896567573
10.165518330075793,12.36877810577823,3.4714593071599316,407.25652368550567,94.5194466449128
11.708545365462985,11.120941641441483,1.157443520302906,894.5225739721518,64.71090027752157
12.764580157681618,11.458543017541688,4.374903655544103,308.64574629787035,96.65823288655955
13.953348513385997,10.324032009986622,3.8930124044683336,789.8877617599395,73.66818882706596
12.533477049032147,11.320320729761294,4.349418277988746,348.8143187598102,23.30914796276319
18.37019697155627,13.30111125063561,4.896790934429091,746.3332002613649,54.32402449214824
17.85515139897736,14.214135718892699,4.841879038632688,177.8494766002599,35.15827079385723
19.69494751758625,9.64887860759009,2.5620907799451538,615.5660509747222,20.604548371858076
12.97295043675129,14.228106233956575,4.822293140225161,212.94800412639376,48.83714405553662
11.381678550218336,9.168848928269998,3.8936868874986734,967.2052304749919,21.41004463939837
18.503039281389075,12.491824494818783,2.451660900156805,609.2816127323827,19.372704116067634
12.599303010538549,14.778917112745237,0.837123927540669,481.1286320101958,31.34997438603112
15.479748304162149,9.367432266352933,2.9757398798862478,190.27747275612424,47.68656372692297
11.929092427250787,8.460573852798014,1.6424348206479247,554.7487294967693,4.261744827609075
18.555436605722615,9.585090703987717,1.0265566102936123,851.6694898085578,97.51321728505857
18.55373589839894,12.678339331934946,1.9934589001897365,247.13616078279358,19.104092443785696
19.555654375368363,10.062006410763296,3.9593563804315877,447.3028094876242,99.8723889177395
12.676893729908045,13.842632357138276,1.8005482896363418,421.89532400082646,40.698142433639596
11.723352862122358,8.102991916028138,4.675440384308247,654.238609847829,39.465048344342975
13.775652362211641,13.575363771634382,2.4457637079244647,700.1466926025649,49.37968436508396
12.656145733568772,11.453695119224276,2.5527019674047655,297.0879443322318,56.03074807268134
19.036453071998633,9.454217147108302,1.9657140533295108,321.68155820387597,58.897109702512076
19.2591366268709,9.979690087464178,1.4250686091032974,180.96245870917417,92.25970148776632
19.6514546599678,13.394468411044745,1.3119122077686507,815.7326301028786,5.454888767078503
13.64880403672539,8.40799311788271,1.7101839615658263,699.6549009686046,99.67952549569972
10.586774452052742,11.030191988269817,4.3330049747213915,711.5623743839957,4.462084958513754
14.430100265093037,9.988219906792304,4.7203972940959815,732.150262523359,77.50168749580213
13.169257104818568,13.816123710733477,4.538305119073318,235.70940293622544,60.39562276126121
10.911214094963835,10.024826908974962,4.366793954026245,571.9455480571927,10.127620673832503
12.361065591176956,13.827571107724486,1.306361711872099,884.9639103388365,22.671043634230145
10.667589964130617,13.368778906740122,3.696576744959161,484.0556680977787,29.447467541508328
14.53616072437457,11.382308830221366,3.1667289850357867,573.5198470875507,80.4412850541634
10.673430114189216,9.143195768901597,2.789795665497524,320.3935744606887,12.746081437376574
11.20091483048151,9.371899273200503,4.705590260441675,298.1657766376338,53.55254305005879
15.470147234782264,9.643541068050018,4.779008099380516,967.4805251115645,93.33759344794801
16.37514435059626,8.333995878895458,4.615215137750244,469.744919249445,32.96792435002681
10.107024801976486,12.725160576475187,2.253961250459385,971.1352659382567,31.50462329189262
15.63662662282761,9.057738725057773,2.3857427482313005,323.24833234487613,97.04250568011541
17.56081381430161,10.211669962185791,1.3822825406634298,410.1082553259637,3.226074668891222
18.31498898406767,14.346963836186823,1.7795622024004314,172.9396172549416,28.943855791598192
12.053410474916017,14.225650642111493,0.6045360086067205,573.5067567482477,34.49613021765692
18.936610519438812,14.446394284351562,1.6701528534643932,947.6717134623168,64.9120229014925
13.259755205614827,9.674555046827228,2.207112300933174,675.8568172467335,13.536685054660648
19.28891580529081,11.121636294988978,3.297120228530462,806.0056469569063,88.75284062547591
13.877403504351705,10.584071012970707,4.138455498997491,815.9980983751531,89.68503034306396
12.033694917803349,10.641909930528472,3.445400292883749,932.2929934179208,89.75718833386452
16.833300435700206,9.18508404329012,3.780470137568824,541.6523807098793,65.15030326415686
10.571521567185654,9.520329423381718,4.375442364280666,491.74980010977544,58.81918946554607
13.547141458705331,11.591365998020049,1.6648402093549761,624.5949926899677,61.80667377036048
14.952202527334606,10.872579629765013,0.9320886202825787,283.6156701647561,51.54122879666456
12.578516804760287,8.151738120537326,1.875941401840533,113.88073277977936,47.62682607701419
16.369285689782625,13.658729518423293,3.4842162529642002,711.013778371801,27.43919263120115
12.459258437824841,13.056709206047156,1.5275557445518528,421.7869649100987,30.462118377120824
11.107634262531649,9.945534621285866,1.1951229912278438,524.0028429935172,97.63142433591916
14.949664580214773,8.410107119698015,1.787143694579778,150.57596177275605,95.27998953006552
12.983698499022886,8.48225745573502,1.308215734889858,677.7579562574207,39.7279441840904
13.620744205006268,13.033721440174396,3.5333535207967794,920.9548638583083,75.04028927743487
19.881613908640574,10.432554351551271,2.962088946345246,369.35768983345156,65.7610907969972
11.495244237298577,8.187111785548215,4.65580101738003,306.5226950531995,15.421989336527307
11.12208598491667,13.129993061796426,0.6058649830619607,252.7006634058999,99.82531214565519
19.75783119387047,9.729538691266246,1.5106888016920847,327.8826317217612,22.20157221318018
16.374194889323803,11.268213398950234,2.240136174357422,677.5592395822464,41.745476306405514
15.305147995639988,13.90778210972398,3.2975477963202486,437.3410033854474,14.924056277873827
13.9768894105761,12.683833696394476,3.8205563010701806,795.9954400000903,31.800830912198588
14.444842980481646,9.997737713927599,3.068829146387462,949.4930889084334,11.134947078692285
14.819482228951287,10.26796532374176,0.8652010597059444,852.6495147079465,82.34468050701487
17.651660774629814,14.191561945351904,4.170316342282119,981.8191730869199,12.382653263170857
13.414216370940007,8.128341279621033,1.1435036952915998,606.1483976029347,8.819799729257818
16.09861727630843,10.034621768363115,2.4024454395584067,492.2207671162665,55.65355868721951
16.85607295599347,12.052675564369189,1.277809808486033,567.1266828889359,87.50037713015934
18.064051871312998,13.459105021500289,1.832326959013837,564.6874893036738,54.36920423469864
14.776560941282384,13.069156082945383,4.414604585402435,214.83347862299235,49.88097385371912
19.34278731417584,9.916378461837331,2.532205145340295,761.9144374668604,66.30330735982164
17.719842686377916,12.693241376729393,3.598642203646111,733.444530119881,39.515283120705654
10.140175848937469,14.24359691321312,0.5613223026558345,248.6699041970157,49.04122633263214
17.01230375440487,8.862331482198789,2.1790685956208526,829.0715857888392,9.7050770309266
14.268424061880042,10.125411724283284,1.2824391112388982,991.4294753420378,29.844316333819442
13.518701315492974,11.775231629367397,2.892355405551214,444.1549829805572,12.755566605100721
12.838205987453184,14.63622449214024,3.929827198741695,876.1689205326945,31.15800390534229
15.16408592428767,10.48760537355558,3.175846808345582,210.03868927845446,41.05424760884628
13.896724986385859,11.944379492296743,2.829206995324541,561.1733434702201,43.681871652549084
16.521588986863247,13.510331241312219,3.201390840770189,394.1084853451254,14.03012478644849
15.259197941386653,14.480413984641896,4.741088464196531,679.8320867263694,85.86035089213048
11.580154281302054,13.36120041557433,1.7159682383029538,824.0410985414396,54.36194598593744
10.966554149974701,10.346874365619385,4.917755094568295,900.985762373915,72.14785434668657
10.449541379870892,13.871558584827248,2.986701309841934,525.4359497216496,71.44801942049689
17.334714998899,12.844579749781332,2.1853594350650996,724.4780805764595,93.34538701220242
18.30965048990452,13.119213379352773,3.0525496873945914,410.17837699993055,49.72666276364061
17.869333607509475,13.232580078621769,4.443476086481748,848.5269091961296,73.83824115833583
16.111344293669937,13.572630977904616,4.0993507539381095,699.3700981002195,79.68052192372274
10.988714138946737,12.57775561308369,2.4185284988247657,786.5776740057959,26.094798591611525
15.73848316358298,9.295866221562388,3.442821237240949,835.7958587584823,61.282820619955785
17.71770756291029,10.151456594937985,4.40020360287644,350.73459539869367,91.09328665055024
19.979570424225678,14.262521862568533,3.081137702170726,965.8882388541894,96.99120534379387
18.326834568384868,14.268858507696171,1.0661372726268066,617.2465029858882,39.18554872256838
18.313165638008158,11.498644752747747,0.6463120749942632,867.6425859283586,38.617055064103255
15.317188537160213,8.861459473164128,2.6427668457769045,986.6964135570018,56.37551222931285
19.727977773376466,12.14738510901623,1.9388678479725772,528.1317668091447,72.52282324787954
13.464700331891885,12.108881707763482,2.697272764883473,275.90506834414515,61.614310230437994
11.800147139480186,12.656645140247019,4.279112038494781,916.9274028496872,8.915456601532854
11.177818043179279,10.371992542285602,4.469098963626632,384.9057529941887,7.714586685738121
19.594875088573254,13.692306564416448,2.452107811257751,802.2692114672132,67.30883538486052
16.176838810902876,14.984402716751429,2.3337502835814528,415.8190024636684,19.882337309597798
13.687066547220006,11.403217673760519,2.3363773618319703,153.70376489099283,99.15320318751323
12.930945597202406,9.241810277439663,2.9949084545102718,868.0078257260898,68.40496924593283
14.85177823267292,13.969994312965499,2.920386613189369,644.4519889049591,50.01237674995651
17.314520308368223,14.01741745099529,2.469655892348781,928.7640393247368,22.02561902957066
14.810385015201405,14.008400793740144,3.158798462305036,715.2154226020643,4.329911639339108
14.71330861007176,9.768837186385737,4.507311867161064,583.9868843865263,58.12429041421534
17.49418088382338,14.984013312811253,0.7562958488517717,170.12285908045993,60.09150896340721
15.2895192143774,12.885164852489268,2.1730453704192527,146.9781737703692,21.080715103577656
17.0569905511181,13.924554664247246,4.035228634749737,505.93308246833294,71.42348403871254
10.836346034814444,11.186469306695544,2.8971293839017926,727.9196680488852,81.78070547127858
18.12047507318419,10.068633903440308,3.3199378774426536,724.2130727151824,6.5479814763224224
14.697842112673033,12.320429917024342,3.1170097811237296,498.1184375284442,31.724148187820607
11.745809745955446,14.40841269146713,4.142339549170923,132.08510053145432,56.35781109119808
18.282373451147258,9.980620188939268,3.556251951557189,284.4722394009108,22.68205900312408
10.47213420513995,8.67810216101224,4.400672279250923,803.4659579672872,57.08033702772334
15.2405118252575,12.232659777990705,1.4670227308559207,201.31907535085617,32.77432702244076
10.6627732158767,11.612705666325796,3.8261886388938953,868.3083002596404,21.06368208749571
13.649798067559466,10.086349089342272,3.4683452901492604,284.703906102764,48.63120433526026
19.528562565040744,11.111226845234413,3.3385206779349237,583.6224539370369,59.79859194302288
16.17400053522399,9.822179062963993,1.1861451175722941,695.6643523926425,40.59134198762139
13.85501207932748,11.178557721923964,1.355286793345833,133.44577562981206,84.85376323593326
15.566461186607237,11.17258732580559,0.9746146522920989,677.0376952090403,52.20955056747117
10.493864913223874,14.901181548985733,4.501437941142656,312.53612374078136,91.23521176269847
10.619958322647822,10.97887514402893,3.079959641095242,511.3859508013085,35.177562436628904
13.552750527885511,11.277726335837258,3.915133041356752,698.622775658126,55.01293638187726
15.105185409224283,10.041817162491931,2.6777802230546057,304.03655439028955,85.21927921657763
13.84959417468551,11.325608242911697,4.732352708492962,558.6249968394816,36.779619390692375
15.534628062459152,13.476541221165823,2.782377110753791,682.7256537689086,70.11089290349292
16.665671265574034,9.216173002661472,2.019580058430715,621.4779082475756,63.287882354348056
18.4079116947065,9.510722093363214,4.300466049654213,848.6944434790771,86.56321246822536
17.72641029058386,10.440752451315053,1.7589548083595603,697.9111263073784,20.460109750379914
13.407319474794896,11.00580323383224,0.5010223078744472,791.95902359397,61.22587207420118
15.6081408486451,10.197670443946883,2.564462307515289,432.0875125818642,60.386454389989346
19.44552196418651,13.463479067978742,2.7510086294558276,824.7519809383781,46.523480352496904
11.75718876026808,14.211007846638116,3.841776046432498,130.22326643035075,4.496892909668868
15.28161735956499,14.022997636686538,2.7924662352090097,868.0096121922413,75.68141224312627
15.478848396144599,13.706360147752655,0.5227438007555884,936.4666856821797,89.67169169060567
19.183438472855144,10.013173366466326,4.845661369380643,985.6693008695054,68.18204006776185
13.34681576617326,13.767244346162894,0.959566980263346,693.8752295849429,29.805923073775524
11.376384855032276,9.595490198414515,1.8674163951657758,273.8410470070047,0.952452895517121
10.393334728966842,8.64166965619177,3.229324465965463,722.9775475643952,74.23844545246621
19.658852627765107,9.992413808938627,1.537213298078796,574.9389022605873,38.85914586738438
12.919347834624737,14.064899055908647,4.086010206518749,931.9885241152522,90.56635036020305
10.773657266000825,10.894395300075583,4.569801329854943,768.3245112945282,26.970467434405304
16.467751493096806,8.428783236359436,2.479553476257268,425.6291183965585,56.56920769980743
12.41442418843088,14.99404806309757,3.6226645483356585,899.3848442671223,85.10131155596768
13.651218028144605,11.748095203422658,2.6586022534000904,657.4362460469121,47.89638557671908
11.765905011132503,14.341588018377326,4.469859457504931,163.43633272427104,27.380865432819135
10.23072583012564,14.17321754687282,2.416691067890836,566.2671429735021,32.25016954635936
11.480156417020789,9.881657886759122,2.5713555899628933,999.2418403613148,20.15769576690603
12.17361545797926,14.541325884308527,1.0566002828252161,952.5393052982225,76.50572556167776
11.718827659417391,14.631666046349489,2.653908137558891,802.9125449244129,98.47619384506564
14.473161669257943,12.027715629882891,4.66729368270224,478.6991573925663,43.749569474664185
15.304629376415628,10.612240743497185,1.7326552904439867,817.7191521127218,62.84652072415779
10.311871227424032,14.001300441121234,3.6461388390242404,664.2189166993822,4.918273152640347
15.020662553543431,14.217493597289963,4.665526260440283,358.054617292146,99.14997159198231
11.849879517965407,14.960363833527284,2.9148393259652132,916.2022208665381,82.70624567261969
13.695671468221512,8.212345877815638,4.73642067634673,541.115774977892,94.16644919206279
15.361649192989095,10.01043807896692,4.873006510578277,653.7074532176392,36.36147628297826
15.566850717931775,10.138936255280681,4.731858296923326,247.93185087175146,10.173530053115428
15.956369426081213,13.331598778367763,1.0187736240273124,639.5363533217055,11.725220608692398
19.716480994262945,8.62075078928146,2.5584832033218996,692.7077120490001,88.17224013960787
12.572087135945209,10.023731083065673,0.5621560479416734,872.8518538794016,23.969182481645714
14.031482279762532,9.483103037629713,0.8935800938822884,766.6186266616306,57.631835518222196
11.548508838170621,9.258916075993676,3.142976314553744,947.0467632093877,13.522384375578522
15.076069404057563,10.444906138352497,4.827070380018979,320.84943493508115,60.84342028100662
10.883182636149632,13.432175453276354,1.2250769980915837,285.5284914936839,28.66988709359369
12.612976673023631,13.3044879925213,3.7214948993873387,828.9661852651177,33.35995345506779
18.917457470532526,10.394125588448304,0.6097809081344059,867.6505873526486,46.34511670324575
17.72818839783702,8.661635716958099,1.277381883416571,935.5040655880144,23.259176024275675
13.882854008862775,12.684931505362574,3.2396445796885756,456.1730154902884,58.53194784719866
15.49848941118163,14.637617334721615,3.73712940769733,137.29010057956515,58.579198542655774
12.23481720083035,9.293326298309918,3.9178887103242155,665.019483310439,50.33132240671554
10.81378795352544,14.20890914665337,2.7595942638499604,651.7413506715291,37.40817955306057
13.104247511982187,14.177506818259694,2.874631628810794,620.224381417002,43.86627165016718
17.513198896605935,12.128172469352123,3.6335941806579024,679.3220581848524,39.41005635830011
10.648674056262708,12.26180053617185,2.030116837055127,521.1911148275202,78.85550106330894
17.400878454640196,11.539402624533661,3.0691679283554776,989.0598587519348,0.4454289609612163
11.152663830857794,9.37556178257299,2.0382526419468396,649.3307305502252,60.39555525762817
17.796792495905734,9.241565528783461,1.9175585662739378,854.9466302580748,73.87915897391531
10.70033282786358,10.462181593182486,1.0779202962992582,583.2387961996228,42.10275533881861
14.933928398299745,14.89380983638818,3.6391981786848264,697.685715021916,36.025646905804614
13.784926537808339,14.527935245898892,3.940090182804326,205.09254325468007,53.31379870355783
15.880039053977415,8.721576857527701,2.274916232894642,320.6895666815654,10.276960531350555
10.626488687928966,12.920935364921908,3.648485304167771,279.2197563152241,26.699578826278085
19.863723899302805,11.96308472123548,1.385418429411012,497.3919524445112,28.139548669388475
17.425782780350918,14.729507713201958,2.152458363401971,519.1152235961672,7.073489477443896
11.774428031590109,14.701406174911396,2.648971811076234,145.7962266789143,59.1146456283504
19.159746757488985,12.538535411744064,3.2463387770179555,268.6553012689065,18.872161261678595
19.235066296128327,10.415022159982538,4.068706682904494,988.6446524472242,97.10977467349191
11.81254471297954,12.74483134678137,0.9887696759742588,193.423448280095,46.179242185498744
11.469910564563142,10.537938012199003,1.1816785302004393,569.7442452822063,78.66504855602264
13.457424827915778,8.327882924738722,1.0856475442877682,734.8936262287265,48.12985900259334
10.389699430533653,10.133758508505245,1.9989471194920572,192.84565472484257,68.81677458938623
13.703856044555154,10.113698567184333,2.6450063727611144,466.58690296512924,71.82366885913
11.123151930994936,8.446874323948666,3.5041484966936087,486.2976117813112,15.157281631699332
16.875057969538496,8.455562467522466,0.8018746338508882,540.9128059843144,13.346398209299341
13.02671010902798,13.814956893764373,1.1199854529047406,322.45246812119103,52.92996471633575
12.665580525982774,10.751758307056413,2.1844176474338717,568.8569876694269,70.81731676862579
18.585545420725204,14.452467760685902,3.0690638487814796,457.41671366520524,42.03960085607132
10.015901094169827,12.041111079527594,3.3155101025844567,267.84532296196915,42.71753024159585
18.269687767647675,8.859413853951942,0.8265169849497129,915.6645674356461,50.869047113761376
12.06559438977888,10.838780916248208,4.859225500403212,368.29572675430967,61.718223189361055
12.860838183788706,8.11396040893732,0.8528537804710646,883.528973545393,19.10905352921136
17.805555482907288,10.84694080096352,4.657980121031034,959.593290423518,15.94579979783619
10.85325914533051,13.736305721222877,1.314205368168024,161.05559031567415,4.606228812698092
10.800511251652571,10.971132493788485,2.363858325400834,426.7545125249085,68.50397365447812
13.768732199838931,14.303422044562646,3.7544736667598175,116.25377843224302,21.535228562723038
14.141494694442876,8.71627654285246,3.9701129243325597,742.9299344002355,68.43811513753165
12.776491102828754,14.6457386238753,1.89111332910611,144.57796004580942,32.08107824234943
16.230087480144128,8.188693557211282,1.6271125427963034,855.7487926195345,17.94189683263157
14.82106758793215,14.152364974630927,2.6957734650088887,352.44922202409714,14.526211910812092
15.608326194810662,8.782198119504788,1.2329022086236148,470.63826187072937,59.75806040103748
17.687024684485294,11.184869437192038,1.6294423803780533,758.3999948270821,42.77723082362151
11.525348199157778,8.189399201522384,4.567501742960401,704.2938900818432,77.82364544992565
19.02916824569705,10.870691250937202,2.4001073858848945,356.6790124006652,39.565841149021736
13.839570336256664,10.673995537700824,2.1977220634533694,293.0293273369873,97.7572706526518
18.776568187606447,8.658818555680547,3.3260362877255836,613.3924612991859,22.669201109047766
18.8492877764538,13.483520458249302,0.9097777191259515,715.4441671141542,42.01409713534617
13.85598778387302,8.64258198884877,3.408314096245019,249.9285093095705,5.296773517111379
12.962710471321635,14.946105330187844,3.074258387611033,774.539895942102,51.248911165950034
14.340892342469829,10.589876634402914,1.2635337190351823,228.02743947394285,73.8781626504666
18.636071806131365,12.179790912034647,3.4417907799286587,494.6360610428252,39.17250500085926
15.402116565802315,11.6572599499975,3.424201698519033,504.73979788812863,52.63005712376681
17.846615874456248,9.649272980242921,2.0338203319639763,302.6063254834355,82.6313493190294
17.923315347994446,8.202673974305844,1.0088016671623392,455.09405452106273,7.341648271157914
12.184319394402765,11.689422755641287,1.6708115692343732,165.07778040354256,14.986074311818474
19.03167655349841,14.743860208985389,3.074125076881203,417.26448025629827,99.23455276064547
13.57183922099682,8.680229871124553,3.849080480519727,922.9295036138601,21.9841047370465
13.89276711872648,8.469072153744412,3.073054175287891,273.1294646726826,38.06428640083308
13.120615583906414,13.020229216851142,1.485150466644809,449.5806952676833,61.72216761908274
10.235818962185977,11.432213626806387,2.9759194735722696,767.3622390962794,33.96457367378822
15.863501437983238,12.49007393680729,3.585558335545509,583.6227616477338,70.93177998201749
17.472515851743346,13.735735781659987,4.707354550027214,418.0627820054311,1.5634829508949954
16.600677778766567,10.066048653146916,4.136938352164049,847.9946148583132,77.46366174452183
18.19815571362826,11.09201091942675,3.421456305545634,367.0210949413202,35.30185105392347
14.413188274026268,8.178706587032428,1.1662836653913524,385.68210018387305,39.815738853916436
14.827652218545943,9.0433039018932,4.573988522842525,294.7484495048638,52.98660152312828
11.346503448742041,11.257997615515418,0.6876791792225635,897.9236208834735,23.158541417202787
15.779940177500773,13.286195135378726,4.138975368351529,288.51525146618496,5.555192676977999
18.946358424414154,9.570968857327557,4.433504201238335,918.48887163653,98.19560513050456
14.868953681003385,8.001073317442666,0.9946379047603773,139.14386305435912,99.91985803342402
11.781120227451243,11.079760817914515,4.2676146723021,110.39966810141726,50.32621559423857
12.141406719414313,13.213508386509865,4.307644435096193,250.31826595229742,27.250104953936802
11.86115097374433,9.641727615924047,4.535157846132708,765.9204723851992,54.889372352869565
19.733558075373054,14.085620465721153,1.549983261747354,916.6284574500551,84.63170193001223
14.839356750153861,13.745614263118473,1.908971112860173,711.4037318238258,56.64620812702839
16.909836177262918,8.834761062654982,2.1825135569585887,449.9395840332859,89.25915500236763
11.322816529866605,14.499155259468441,2.0546747270878774,835.4731549542595,97.16356509182367
16.360991490694442,9.780012127333814,0.6829782456566647,324.65177541044847,37.10876981903581
16.402974869457662,8.65365091856172,1.5261381638620972,613.4154507551486,86.15682497588699
15.92785448404935,11.8497758910942,3.422108709438245,709.8513540218087,78.65678710103023
18.90795540929347,12.992445410960796,4.789192423849509,425.0210837879232,52.231511225248546
10.210634022464978,14.846886217908647,0.7819506070376832,245.2673199095294,31.908086111310954
16.03180497094909,14.463232059308888,1.721976285667404,202.8381055728559,60.09738618445441
17.45442206546126,12.32029758267479,0.9474864832839766,629.6706933979871,88.54851983598611
19.587559149433805,12.739434985098308,0.7818030161982358,315.7714798305723,59.550875058292114
13.80675501910236,13.694897990151368,1.3944678483189792,802.6642765668238,2.8769285316409374
15.776556707121408,8.384106701925425,1.3266516416945142,463.1119194790817,96.57270297890112
18.259385702294615,10.774779106021882,1.9738086380909639,692.2685145652068,54.008826152747346
14.574450123287626,8.06031037545432,4.747671171007622,319.953131526639,71.27756135741822
16.597809946134277,12.817524999187352,3.526082396428269,555.8895405851569,41.67978873914942
19.310390670581675,14.29259671543004,4.288933096163877,701.2555813361167,5.657897298320828
11.36636217075737,12.742553089402936,4.3880889140049915,450.1286847817421,67.38252842172244
17.480475273350155,14.44274682745715,1.0734510143367615,389.44239387180136,57.315811972281324
16.85425106900056,9.848754323460303,4.5566595351917405,457.24381311811356,55.79347718739695
19.330245802855096,13.268468635615957,1.322141833745205,663.3533834658231,77.49890228179443
11.14731170143439,13.669484791279885,1.8944960996351194,519.9055892710547,76.01101641279357
11.105305920529101,9.177037533180078,1.5238179497114461,829.7578050446268,86.36553410674298
17.878420106816748,11.745785928546633,3.6079519307277557,304.8494389225032,18.37947297114885
10.459005897791105,11.10516588231899,1.6630585672990286,279.30750236407937,5.184363112862083
15.885973330102615,11.141206627202088,2.429576383707269,990.5808136079398,35.14898929333348
13.702211032703135,9.846635747797004,1.903203121528732,506.2876297048136,27.804446871517797
16.11463306173574,11.844543060390121,2.626316987601046,760.8363194721015,2.6794421562381445
10.945451988321217,13.718292067911696,2.593831187672888,391.12830589667544,87.50233068361982
12.003951281381497,11.683929597248657,3.515656559903824,685.4317118396356,30.170355326411766
14.850139208090042,11.031956048216585,4.072250935782551,179.31740962275904,24.12174417107672
13.32622754091569,12.582483889461162,2.5432763957700177,560.17068369772,74.41341160629044
11.038744444638652,12.011734444957412,3.386589823089047,109.10321493531853,73.80042068090138
13.758982262787638,8.319117953067845,4.893425661348232,993.5042840652234,61.95804279165223
12.213098968616864,9.101569968956316,3.411870713846998,410.10774787958223,56.730173622518734
18.007661061059395,12.522815397847022,3.105924077599501,625.5022850304081,61.98659834530785
13.023088151614207,13.817521736130317,2.852694731287562,136.27210483531366,6.62775589177499
16.482138970112842,8.42623618649137,3.241970681639742,643.2048536060777,90.30323159166053
14.174631650288303,13.956804655634489,3.307649415904708,184.05548683733537,3.6097582367564947
10.073973593275271,11.382623199163032,1.6927197348549565,395.55660370708284,7.624960195853938
14.83727163612906,10.557247470361967,2.751963269554291,512.6734412400639,64.49662550925657
15.735957383941408,8.431209782938938,4.880865793885712,471.7407201858434,29.103525485096664
10.314933703405947,9.317872406221593,3.247086151997471,247.2888745318747,68.07331330363193
18.766670257143335,8.614638789917887,3.8035846806602227,860.4303292998873,27.07039534673391
17.55823051727624,11.310770479015604,4.551510717453944,569.7793038568575,93.28993582160709
13.226515692421504,9.644253883826067,2.2737654629131874,405.1126071510075,80.38402762931858
12.938062635841824,11.736117764081635,0.8011663504175808,899.2995427789854,54.82836083827367
19.1892414143357,12.982903347371845,3.391038290290884,729.6659464354285,0.3630602410271968
16.944809231186646,9.009025945624419,3.5459785297073227,433.23867357976474,89.24778000585968
10.591221707838216,9.210406161762702,2.008688310474936,742.7947175455852,42.58090322290444
14.11689450326792,12.450581774490704,4.421285018478082,819.0111118914368,29.2097827359763
18.127489309953035,9.313397821884418,3.5136422544509704,811.1485549383657,88.95981741203686
15.402771207873545,11.041892911010748,1.1724938335434318,962.9130599261927,59.096047449699924
17.019139960512994,8.084440319198706,0.5297381947134232,520.2199060142057,21.16850357625689
10.687783926446276,12.299891101201052,2.7252517762560973,841.0676728936701,36.73601265919216
10.801840441259873,9.956269186108933,1.1674102747317276,961.2633150803988,4.210456373545247
17.72377174149309,11.886294601078546,4.981101551423337,312.720017061554,41.89468649795921
15.007450668009337,8.566429573949318,4.187914387025895,526.2055720418034,91.26536602241065
15.780174583889252,12.690889877771674,3.5932198795507233,483.52814362182033,93.69609423273761
15.032541214283777,13.993076344655003,2.7905621894252364,157.55031749294807,55.84619395148965
18.467117914340676,13.070218626828282,1.9660280132651937,577.7183866251262,35.26145680268984
19.829090034542578,8.076383534484513,4.442928797129063,699.1132216405103,50.0227119187395
16.267714633005372,12.220251421298405,1.0370533326173133,349.30069155319654,54.22588330748863
18.57284196390029,14.014841476951812,4.31068715043624,248.92654242447148,14.37488792370561
11.3421105645045,13.51940560652282,3.5429225038833243,935.063186574444,32.194447088016716
10.515504064107802,10.109314804935968,4.732515282312686,901.363306112351,39.486575519790826
11.102883431058086,13.191610932785142,1.758804286152547,528.8694550932707,76.12991521022276
14.322785666041721,11.753298131608172,1.3376319577272966,259.23498129298946,25.55363813475412
18.546796286556464,10.694812457396827,3.9427849754239426,100.51184302640463,39.16049057634529
15.331048912454893,11.969543932535306,3.7585090274800157,888.3511926735517,42.40332068454978
11.044688441561597,11.969201289473535,3.5537668083106846,813.3236746698265,41.61977012627858
18.349160479558073,14.123570134000968,0.8359220707195767,376.00601857890814,36.00406481370061
16.962355326340656,12.154445280673016,2.97990884061147,525.6732091143784,58.3530472735363
15.495281046842427,10.080611284375731,3.819342187368169,108.32717377966536,48.76068066457518
13.619248428739922,12.642033558453818,2.645511373372213,664.2873423936891,84.81200282842623
15.50080618372845,10.312527439040954,1.8536244594680409,164.87971336195028,21.51832435660142
10.352594368595815,14.437471400078454,1.3838156171197884,961.8989890539804,5.059079310478804
13.498229887928932,10.261060778953137,3.9418763197362194,655.5740732355808,57.54078351237384
15.916649736742052,14.25068034520629,2.1810799381668304,114.366886000069,10.44275843681869
10.724325472129463,11.75586230420893,1.9940355664438139,224.2420997780606,80.47036835940004
13.124229773255616,14.418353396003727,1.7616630078600286,845.4175528676707,47.492338511457014
18.11369038309406,9.29601552999403,0.7143249519305412,392.4991472381278,89.33102592497352
14.429777134489019,13.089167743346657,1.0549174660976672,346.73080413029436,41.94745310330557
14.411341755878855,10.469274131286568,3.4155191964697575,700.7294478633884,16.989891408851815
15.66420326275695,13.902801397125156,4.135852597691961,728.3843343052839,99.37228176568156
11.438614800827464,9.626416923190783,2.342590668569044,335.98448053069444,40.15956421119977
12.778339512869032,8.348861348471416,3.0712939615635335,402.8493442063469,47.78139705534658
17.798994525132247,13.741235474978431,1.584579190791896,735.0459252204882,35.11289782442508
18.882727609785647,8.547854551606038,1.9954369437860153,478.04683938163276,18.46820846062298
12.155076964579607,14.300312933008325,3.465287564289444,269.45354832308794,95.47943306138316
11.379470484623996,12.539283400659802,4.554132790667196,695.1350833209601,36.87856931417791
15.372528793019107,9.003583563674674,3.710108823449638,272.3464359304927,94.39215707341424
19.140987393703288,9.387710032101104,3.33683948654517,799.7663992735247,48.58259130196145
12.385569401472724,10.802195186116094,1.1051326573491331,582.2198458208042,90.2405878870052
11.547274196335902,8.044385338864505,3.9529523607731796,377.32016610353276,41.94350695927588
15.57550156960234,13.254133141633934,3.8274408173276786,776.7405640284771,23.299359822884295
13.049686514992175,14.599965764115304,3.305083387130974,676.771326623278,8.467749275805827
13.311928523547971,13.853046327074576,3.5471887826366113,536.4979913051191,55.07776745242301
14.884099219504414,10.936969603836651,3.033877789194251,911.0502604999259,30.864458933566212
18.07283215549551,9.644008491141912,3.130180806784239,947.9998738798843,4.385313068415902
16.810378484906863,12.064401679297443,4.8957632603077075,652.7380697047661,53.46451767081436
15.23237379921412,13.124072375700996,3.5666786348101525,238.91907184977885,33.116370107239085
18.411436618872813,9.614234757393636,2.103345849426015,633.0790541561888,27.60276092491162
12.42115911669727,12.742009436038042,3.2726686963454354,652.5693065902196,8.96005183834561
15.111144121827301,8.181709527964243,2.058336158560241,432.7909930583589,16.39935807309356
13.130998452702555,11.37370457848501,1.9368813646478131,546.1758895626913,94.95500233191004
19.006603548446368,13.221384590684444,4.255163432206516,140.41619663206382,70.5603828208416
11.637470266210704,13.892717258460447,1.2356471027980764,339.81168140861166,10.519364630439316
10.936452148367014,10.113780182839005,2.8242650928971873,831.3673865285555,4.885047719755768
17.792218486150404,8.499057232239231,4.906573748499771,824.9131084182989,98.93883646778917
12.86350047989141,14.695794470489192,1.1106945740134904,674.0836227068552,30.147142469736814
16.48718882353988,13.830435330275455,2.5675109905050997,931.6926247477429,19.56515399261206
11.765563386698945,10.473125202210134,2.8509254957079837,566.6404448806925,42.53205560602242
16.177128018363366,11.966483323335943,0.6487944666851193,234.15810383471833,6.53533259796813
14.806552792826894,8.722422102550457,3.4350387228096633,496.12873056458614,84.15330778561034
13.506353238090622,12.322116544856971,3.2863942229171945,740.3342090419928,23.71063537721204
11.384350008776616,11.397028677156722,2.373881048565491,906.9411437848354,48.31548889803107
15.695044976227301,12.874932661748133,2.793817937132893,478.45125731418216,17.930692222013224
12.82542423159035,10.120582370345268,1.3374253493484602,715.9981313535087,88.89835484800318
13.991888598376535,10.387509700918383,3.8970465113069976,320.96003368441893,0.35386713275043136
10.932418197072774,10.809321910814564,4.84171910582561,494.9386534069387,95.33257115384825
15.528065489269116,9.274370813994386,3.0862062234518124,533.0862633430189,28.658922300470874
15.702077332708589,8.397581587306526,1.6495873165832944,621.9376452479067,53.031294627890354
18.943994015058962,9.031526962986828,0.9567663952634351,290.4512251120292,48.13665082159618
16.663095987774085,13.699555157129566,1.0385521391393826,342.51151478474316,54.94166028481929
18.748816301505585,14.813798050646197,3.8468639396779225,206.50149238677602,68.32122611536566
19.793079559650664,11.536094025178686,2.184952959212689,119.72111788890484,36.746471285825336
19.475876069842663,8.468348836207028,4.377722042586847,246.19600195825578,73.3810020155916
16.614493354554135,11.64904718884962,2.109057919842841,201.78756181968674,73.2251093346774
16.451965224318457,12.434782361276667,3.3531690485554364,657.783166476214,25.824387386646578
10.797969111561729,11.902220214953958,3.2331426230676996,494.04867894449626,69.85613118792853
16.131399923373053,11.711298934702599,3.403934133616803,728.2590145748666,58.492686258314
18.131405589991786,14.391903466495123,1.4475792395826421,592.6100895424138,0.14054790567240472
17.83920409621235,8.196759379394582,1.7658273205333543,462.2785707647952,81.70949510548888
19.06376650775448,9.25517654006687,2.1968405542738294,303.73994667933175,50.44551289395781
12.465465428993797,8.33457762314623,4.694554592527689,236.61928005901862,81.22204777518226
13.501655990665572,13.17819235405949,2.518716931430599,845.311339977777,41.24133684366837
16.479360813257905,13.232488319686706,2.1207357758137704,948.5329953534289,94.39286590942889
14.440451655311291,14.304712432707744,2.501436717771578,825.2978647922583,57.75496223205909
16.708272418757954,14.8929662367944,0.536663914723114,909.9054045318761,15.050497370488497
12.001847527366497,14.678789206290222,0.9510737457539609,596.646869337544,76.71018555235027
15.327877173444769,10.490838418941902,0.556634085419523,652.1878273063154,73.96268279852346
11.752725803609485,12.58901648506529,4.931720408218584,949.1598677223706,48.94927167336086
14.52824475554106,8.902150032090926,1.1197664886768877,749.5768746638404,43.642593971160665
14.369137054170087,8.589245306192662,1.0414595300570944,836.481461968708,13.481293674038973
18.985649388974235,11.144317039607603,0.8555693355293592,772.3717345157627,44.537827651261956
17.264636611509136,8.482125855100373,4.960219356037831,306.55209714092064,93.45087850696405
12.618162441466755,13.422586208534582,3.8122526338936433,191.1120190264225,8.026894910361888
13.155464491701652,8.370627239584978,4.59100385565138,957.0923476030152,6.808829453505571
12.1052030277435,13.630859140512298,4.328677042673281,626.4135623597473,1.856951683636763
12.969424214949779,8.211222339901292,4.982308275267157,854.9428687054897,38.74891569570632
10.717315615910207,10.898484791440058,1.5668380933694308,524.2853163241411,48.05405939675097
19.856984426941665,11.061212716395065,2.0233846764500205,364.3010382950662,13.807524280745758
18.262680949314877,8.061287901250704,3.4879135429592236,624.140414011427,17.635220631789963
13.373633666644785,9.875902871445634,1.0776665064466244,624.0872467467981,3.072866559766536
10.589729561661997,8.219548831504383,3.961873875066176,772.7765889618177,66.58517470793335
16.786836582559104,12.153253396757048,1.2843029989147539,522.0815082209763,10.501659743825591
15.584227298588583,8.754916336674565,3.546911280075463,962.0917667382445,41.88072799944153
19.378791120952968,12.97575434088746,2.8873044441284375,290.8250196297818,24.71694015302838
11.126922586974356,13.400743116976669,1.6641320332545957,872.5241229216986,67.83048082541787
14.143713472180586,11.579556806592024,0.8302239815592963,542.4766084321623,61.75125010823816
18.72741360342721,9.829014001803948,4.853308190780208,908.1601963194728,77.50599902417058
12.350877502396594,14.314464667059664,0.8747022165586223,872.7448506217236,57.530832743658365
18.560180661232693,14.335338397277216,2.774351223492846,871.8448304747494,19.5195103863877
10.586222586685206,8.206053060271543,2.6649432626207754,465.0331634440566,79.53670397836147
19.190709113962228,11.54875908666053,0.6900335251932417,428.39173246508983,79.45367361350979
11.449275972025339,8.093773034402739,2.1173893575173226,846.5601922910207,13.598081441591365
12.041450650843887,14.052274405901205,4.692950920054044,772.0327134834955,12.172465352057593
12.783382460907848,14.039839098526016,2.189820479457868,417.5849277138109,76.12522636888096
10.974665277880186,8.458528672158756,1.2134997826724065,170.0496547469964,46.08104149843768
12.153239733767002,14.28655367351201,3.153216544542594,778.9066573509834,52.55195101922759
18.19201200038738,14.74427376597627,2.6186966356281354,549.7886806877714,45.20509381833943
18.00400878721193,12.140865225054222,4.396182215753923,395.5746277138621,60.26815382314165
11.537227653512053,11.258468349167131,4.055578963301603,898.681166333556,40.02444074044069
17.06213836059383,11.77834778988508,2.4335248527268716,914.6560822203751,92.52704083933453
14.024180306575452,8.468804504974376,0.8857356093903588,898.6914404424203,27.023877017625082
17.914648374109547,13.545935928262075,2.1288919143774288,635.6077118746709,19.149451839368155
12.34266719349457,12.584811897828708,1.6256689544748315,940.6067142575137,0.9917148008390118
14.985804018746903,10.644687066423216,3.6232098555755154,967.7532534408925,33.60513964378227
16.10457474759519,9.708050313699765,3.697240373296889,553.6031673557263,11.335841930339432
11.529592436261066,9.420454230894538,4.531793690796152,470.4735535306536,52.796984879096314
17.34009332160258,8.410813920683932,3.9926974505077517,108.07981209416049,68.90309753638216
10.826551461448187,14.110670698318781,4.478106537982891,452.69270159595686,39.690982484090235
18.008330176077134,8.951626288693946,2.7132061537659595,797.2574642046463,78.43653148132127
10.946942753787019,8.07463773947718,2.23798510805028,936.705978304572,81.4971334172747
10.460170956164204,10.438305982692057,0.8728888899177867,483.16692926492783,21.693886909558532
12.568501077129898,8.972555130992623,1.6569247869628234,243.75085852391643,0.8192506544070416
19.091455249205676,8.733635792517376,2.714427476448487,471.9224461531196,35.541417751439774
13.815806371348563,14.457106676927094,4.606337992381644,161.36605574401844,57.51890685157054
14.02896089262453,14.078597299873731,1.702420986982816,783.9428848158834,7.630297782782334
14.408719322823323,10.311728905970433,2.1639427659758432,833.1695491918329,67.39888106667335
18.295496845058317,9.688027259518948,1.7414655242940997,668.7404778089677,87.11725495276374
11.459054602935248,9.532951846793898,1.5821707853206548,782.2363176286894,90.67834272398993
19.04019485351019,8.112188029014183,2.5781561473170864,568.4193065298887,21.486204609061556
17.428189369753845,14.485831303671665,3.543135490451713,678.704642422706,89.62125497542941
18.610186399655753,13.71239846795234,2.867343086802393,538.7490087809472,16.90807289243588
17.674464117906275,12.936268421837593,1.0583184586621956,318.4241820920949,86.54924943437017
13.871737400277038,8.228927781853338,2.0208874967079407,716.2210402339592,16.891776113270378
18.806547669557734,11.989279901680431,3.2527104300218515,293.24765560840444,62.320410121909106
18.131660609603937,11.107657257593635,3.5706822822445807,384.39175308749503,51.8573365292311
10.774515627134143,14.827374535009495,2.0341657753810924,887.6716037369596,51.253453633252285
18.254591142763775,12.11794918037392,3.404221552752677,640.5996123844598,68.64187868717413
14.720822390079869,12.005230828037892,2.025544152870168,315.12410741395604,24.82747575650078
16.40071845080292,9.775926142754068,4.589130787278159,338.14201762792527,26.18010260478792
17.389608697585956,8.17790973264279,3.6069011992487625,931.9095225766882,61.3908577530841
13.544813035135261,11.441535455542702,0.7093463295322324,643.1084312710647,81.9610575982758
12.764361313130436,12.71133722722633,4.010671184884492,407.92709678586306,47.91965693322295
19.127583281897493,8.709798945045387,0.7717124561370432,795.7577475187641,48.544068665945225
11.480961240983012,11.64252040164651,2.1205809537764972,368.07305644865124,36.51647327497239
15.092079301639053,14.746891544711925,3.556360937688269,974.5034087349186,16.07235194093833
19.624207340701375,9.983541025423417,1.5111653165226813,106.86658824805109,62.609839876261994
11.81573251403977,9.086843249959498,0.9638684055640261,708.8079806346947,49.68301816427776
19.896738926726158,9.135487069153005,3.7851996835283237,522.461515926183,14.954865256648132
12.471114273756179,14.764997479925226,1.013025647020743,354.0177835187253,39.115503652861484
12.621842115560788,9.772950480983425,4.4768093885738685,140.08837680978831,86.78512227822635
18.93826031922602,14.056925213908332,3.3783070391150503,432.96644379187603,54.23984943863357
16.825142910538062,8.073866447908475,3.598346878882845,524.7294784633849,57.748725544911665
15.751823951155366,11.583127882643042,2.764130150996715,686.6831153620336,67.76755504628655
10.202225297464025,13.276706024157177,2.404848006845482,553.3001452065519,47.56547098667722
16.478554379028076,11.821300758595811,3.028455655321686,830.7355819880491,64.61628880609278
18.198563253069082,11.847386953314995,4.3900579250280956,152.72249988006672,27.440250867528842
19.240402367024544,9.101340745460844,0.5729583627011423,193.4062219393497,66.29061284546182
15.90083252515209,9.452655708368091,1.1057095976896498,892.288100540921,0.9451978434023818
11.883380845912498,14.38208425289779,1.0064753254205097,150.7020648397593,90.58133588112902
12.829527894859675,11.827861690136256,0.6069773847753785,140.09221766694532,6.076761421142056
14.397382587996269,14.676560431386942,2.009259236621726,321.31706145524544,72.39675587938756
15.183708515842882,11.247768274721086,1.434940722868323,743.6437032248551,56.38183399220873
18.877420939744248,14.423141259979857,1.5091220114512958,344.0701160775649,61.240047447310445
15.704362186873821,12.345531426640537,1.8946747076288544,659.3543235153106,59.583274162716165
10.774249383246211,10.057104386471593,2.7015546115401627,999.3634162651529,95.56594329426493
16.368382605663847,11.255248396730622,4.866079758483063,333.232468761115,46.45979003177218
19.656346190925834,8.065552552226332,1.9697128381539684,687.6063954952608,43.76034138238601
12.449501328412165,8.113403311434016,2.810585700840977,579.2823738654936,33.7495701805601
14.160338409107204,14.352594518850628,4.219114649861532,315.61112902532255,40.16994507403498
14.23843304860004,9.187648227875032,0.5688066594496528,607.2240123767821,98.7676872734862
12.65261472256313,9.087312256101644,4.889714320732316,308.5509514645405,9.964618284662663
13.060908954787855,9.257759535103673,4.846122026870504,113.67613112976142,67.20891474021856
19.811486890480438,11.592849203443995,4.842011381488153,417.47391280131643,81.13007029608329
16.710361194183758,12.451423357215301,3.3642060320181137,621.4684706757802,59.93411567800188
15.942083445072482,8.652297324153714,2.8149825852165984,568.9079131390217,26.07185692595239
19.351273125510385,14.629586134348472,3.264488303363504,297.8702161028853,38.2088708770418
14.237793601296485,12.886290310128416,4.467711286056925,275.41038215785295,6.646368651951803
18.08307130891947,9.119445945902104,0.5640693969063415,891.945500542083,82.53504804585788
17.887574906488574,10.158356838857515,2.5664167027640725,506.0820921376415,77.24270180472914
17.97544769455277,14.451130265837692,2.8068649744316683,613.2604829036378,62.95168669213749
16.589755304093444,13.086983052112979,1.4882396718593482,957.825217197926,94.3994008763666
14.317016728972408,13.581820891467125,3.5690676182303402,108.82598349899331,75.69114272253637
11.09257430261859,13.996026212229188,1.319798579068311,510.0230128578673,48.08188995616164
19.238673206956896,8.913426410335934,2.3855712627744854,290.87448315311303,27.15850037676858
16.06522102177913,8.745468036166658,3.33330432610266,424.52705933538124,83.56942865684398
13.371603508661433,8.545413295769174,1.2426949821661675,165.2027750799704,69.12326093832397
10.897109662666335,10.687536362047904,3.861448157649803,366.0424953879013,12.085548992358632
14.35425252855757,14.46808374091109,3.8577212180746763,910.2160753021068,49.65933097680684
11.181629412276147,11.586662673680161,2.8205284922324387,462.4373545073996,60.47612225867443
16.21305159292869,12.941404531319183,4.27062950645929,852.2969501575053,63.10613467665009
17.8357821701216,13.259278893268005,3.1245290438348574,972.7387627395289,74.0380585058448
18.58769344727041,9.100756548380302,1.5390357329747082,484.354341026672,71.99465576111477
10.172194600814805,13.766821524244378,4.354167658967867,618.7024016058302,81.35409330732837
10.454453060016364,12.625474411920315,1.6964118329324525,727.7450516928093,8.077725969641781
12.985612926287635,12.234575056580518,2.3284895492531383,262.9739485833076,77.87177731665709
15.1977233593307,8.994480720389443,4.927773683523282,630.727626019632,57.347954331556366
12.049632486095124,8.531480235354914,3.355908778026786,775.3129572191164,33.950320645413086
14.112735919494506,11.197380485443027,3.8905790291811337,776.0957521772955,88.65590061457065
16.237001606885457,13.152569391372623,0.7372861720393193,284.26139620766537,93.0787924872551
16.474535421244003,11.849676906728691,4.132632273996633,978.6837556716814,29.405890816145828
19.727002741151175,13.158358149105528,1.2866902750795242,475.15593697637445,82.052409143059
15.915115058239717,12.430120006946263,4.539731070648666,552.9963977958092,51.56816013643038
14.518062618483947,11.46346481536828,1.1488526719997396,895.5143120423871,97.0482178766883
16.47540457879412,14.482443931824283,1.872330893280496,560.4058511179783,40.46128675748355
19.53033349233928,14.759239538600674,2.119188997457387,700.5243842214419,96.51885901235683
18.651990446928814,10.00684174437979,3.708063237679168,747.240688593604,81.0928060755646
11.13821766286405,12.525465090994814,3.596410295757972,189.536112551548,68.90335321564291
14.29387774327829,11.349522116696194,2.987560804882601,342.2594638435113,91.42548926105088
17.50615754377305,9.865340796688278,1.5578948147998744,985.7861390190302,42.808722198153525
10.63819124313576,9.829123229675332,4.142535449635225,262.4618303768026,0.3904051488149013
12.46886301059805,12.058149667906699,4.861826074748258,976.9431793561772,92.09018493262863
12.96217749884021,12.755671224496327,3.1033601502252655,979.084107772542,23.17383076362894
13.836388901686732,10.972828692276114,0.6581833192001818,512.7248571031469,32.23109408847458
18.208767413020922,12.757834520078429,2.4336502688900916,735.2890969354952,14.991246067715817
14.379588683199684,8.774281278035629,4.479968083130831,652.6868032316961,89.31132628666786
12.212719255829452,13.219700255320976,0.8273735452987365,409.49808528525716,44.34220588431187
11.22464829642322,13.853192235104995,1.038703053005468,413.3605083281695,35.44627949137891
12.496366268716987,10.863423028043032,2.3419197369492775,674.1977229269687,6.267813427486781
16.81714471845172,14.172401042782575,4.3439418220158,729.5212311853169,50.273265703218634
17.66945728589229,11.374582235688134,3.1969726929356375,369.0622274143238,59.61364823658479
19.986969507002144,14.463435047878086,4.897031096305203,950.8633284921741,35.62170205979079
19.35645821215754,14.158961936592622,2.701817140081063,435.11450207852,84.53845511936935
10.303157692258795,12.52885433503555,2.0903378551875456,966.9014863454169,66.17433426769566
10.136997069843241,8.37875033556674,0.6651742775541298,338.88988809468674,26.30237503373892
17.349477622160947,14.985172553261863,4.201406734740546,371.3169714689139,82.83072499135875
17.607108489309486,10.749262708020972,1.3250526274641072,847.2110504217269,66.26060055000991
10.772998107382014,12.113234361360254,4.2368667020290065,959.0910067822633,99.24927684170713
17.56566754474111,9.534329404614803,3.6109200237611203,780.771712878885,72.01358430570156
19.297007348236406,8.73944958682907,4.8029882320125425,346.1599126249925,63.42715119741961
12.892877147068432,11.969651364494261,1.7966581497638723,196.82374616226878,47.02508863903551
15.264473673143039,8.891475149909006,4.277979953576324,717.8947297779443,41.25119803496609
17.922373820946053,14.720884384838246,2.1893721009799214,964.5805799463429,43.92450957934229
12.723066411345556,9.697883432270796,3.056596955768508,151.48414903308102,40.496021777778026
12.451252582395508,8.56212690769988,3.8621051907450186,251.64830900028593,65.58953437837707
16.972253400190624,14.955249491474891,1.023292802136312,763.8071195446909,44.13249350181881
11.834019881328784,10.97147652951649,1.9860627730838114,155.46851762168828,68.24725159867879
14.808540404641143,10.162460514155393,1.7485248757958138,671.4018585563975,26.33682876426942
16.276676335832708,8.356312224322746,1.0671265251540738,954.860308085992,59.64429107026618
14.781150593035253,14.532231686056965,1.0974119442287689,890.1118472166376,16.68674562299742
16.785774154080872,9.994801513475121,0.8871976909506779,504.3498408989003,89.82698846707439
12.875698936568307,12.650241478263492,4.4928194364853,390.70214399192776,15.514799441635743
16.417230001999148,11.725668434944792,2.898710081087479,382.04168598106276,38.55676173164874
12.099571988770887,12.729971704530978,4.843864865421717,912.3350004099212,13.174290638837325
11.132929284084485,11.361043434905943,2.4935376056802214,123.7874888229301,61.455982936422025
18.525705655853194,13.921249779997684,3.6407709381402906,802.6319658786587,1.512057203046199
14.73221316092567,10.709135307754606,4.8473756806887796,104.3196591872577,43.140151616105335
18.433377038945363,14.07735166831435,2.672722209338189,171.0311468408438,36.42568415927877
19.132256850015224,9.517951683363489,0.6377197659110032,485.79670535036206,55.09654464500377
18.817586885872753,12.08724735249087,3.157248670191303,593.3104059656994,5.867096404809764
17.793196070675513,10.766541047501514,3.023529813674075,910.626409783122,68.40515154516874
16.040505396944525,9.834646780174483,4.119613470965759,713.4238004888479,24.90297777093503
17.151443013506302,14.909808686473271,4.425957396805456,281.1312107795584,24.188460058599937
14.947941093745218,14.136843665691092,1.5576570756723633,993.4309306186022,53.1716799074209
11.387615791341805,14.74162551323154,3.9709086343825177,384.0035543476971,85.34547673373375
17.8630838423318,9.316690874209874,0.6946535693406908,216.59093946358934,85.49022494556121
12.363919554125587,9.056523573473143,3.066036585227292,212.3071106611285,37.07248621184469
14.87623844742985,13.600290359065173,2.2683053047511472,377.7727152376494,43.42935298126334
18.914938953773834,10.845831075623746,3.4823247092173575,722.345041528721,9.506046164972853
17.22456127692087,11.139302258027353,4.959095737442278,690.1132259706709,87.7582311770986
14.022676904194952,8.398567549468655,0.8241715798695526,688.189089710654,98.87509681937112
15.899969557573502,14.982852324714722,3.181048499871334,596.5219482419266,33.36167019890847
11.178356643267971,11.162401952770628,1.0599075857788376,454.80414403127355,24.845467994458854
15.150137983752057,14.183814888928715,4.798664182813102,353.5531760480947,15.447637940612719
17.46953957827386,11.145029056823592,4.533412560259879,456.31532908671136,66.21403941888329
19.53324400899734,10.146612540760408,2.5721547301229792,618.7883801832622,65.12936866919111
10.807237757445826,8.606950544096122,0.5691447541313415,954.9791524905714,56.17559066618546
10.556603693019394,8.11075030957641,1.0773464063727076,937.5448967717601,89.55294535602792
17.66584241050886,8.994662160121583,1.271841254185386,295.39213960784343,61.79745080247809
15.290661672337645,12.119980619670823,4.092404173040887,426.61098475638374,5.809045047484133
13.580013978494861,14.882960840324557,4.438336153031765,567.3341981056815,97.75112097719375
11.40752759459201,11.102089264698122,1.790528385974058,736.8304443923687,12.851541707914967
16.93847831141567,10.318325677609133,3.6289582167151484,138.71611267992793,31.300404152587205
