Input Voltage (V),Output Voltage (V),Output Current (A),Capacitance (F)
17.59630577,45.96340666,3.387534772,0.000102657
7.326529791,50.93776192,4.488770003,0.000887218
76.49790187,66.9086673,8.20970584,0.000786695
66.22050048,60.7252994,5.876372839,0.000488703
93.41002122,18.39614989,6.142587466,0.000946436
58.81308791,52.39816206,3.862774947,0.000839942
57.49696967,1.86204295,5.737011213,0.000715574
19.3913468,28.91482358,9.99893953,4.36E-05
77.64448866,76.11303478,3.226834946,0.000972432
10.27477368,65.0260869,5.030431229,0.000255641
21.85481054,46.84541223,7.835999251,0.000424197
46.52785504,28.51708795,4.32042246,5.69E-05
65.91069366,6.594847211,8.73286484,0.000687397
48.98679815,31.71681679,6.819449888,0.000599937
32.86645924,2.545170867,2.63601922,0.000565877
43.48791157,8.249708876,2.617473133,0.000482262
69.49588442,64.46815852,8.75322475,0.000713366
20.86089271,25.93175882,7.334028287,0.000799047
13.7584214,64.57343245,3.614224568,0.000279753
11.11393752,2.463431374,0.670313284,0.000580759
8.242627098,6.690306014,6.632560607,0.000223784
50.40170016,33.56308646,4.940281079,0.000578682
43.36541183,70.13104678,5.851732564,0.000154648
71.72237665,54.54031929,3.809336603,0.000496325
94.52051472,18.11038365,6.388164581,0.000147517
1.993487237,86.01540088,7.346057048,0.000566735
42.86191161,21.91375191,6.901722079,0.000129401
2.305102304,35.91138186,7.551340394,0.000555655
16.62385774,90.48313673,5.587926217,0.000521213
67.63859199,81.79005685,1.038232612,0.000122204
49.88287918,36.21848039,3.952161474,0.000950798
65.24153225,92.09191768,5.295500003,0.000694103
56.575396,16.47533652,9.755301702,0.00061295
52.84631071,56.2260175,3.317848999,0.000480209
76.68929031,73.40668056,2.252082923,4.65E-05
21.32392997,6.830264388,1.659227479,0.000213103
36.52406548,29.89581329,4.826638695,3.04E-05
57.12438072,76.03889765,8.686810413,0.000140862
1.913312843,87.27599699,7.902197616,0.000174343
21.98265669,88.57463585,3.315658179,0.000992927
13.79993811,77.70926873,2.728775122,0.000989872
90.85702731,85.92699877,1.315229403,0.000298607
70.40195598,25.17499556,4.980145348,2.09E-05
36.3382934,31.30939996,8.361191875,1.36E-05
22.09667215,49.48231705,3.851209848,0.000550563
48.34037757,10.50770772,1.58115477,0.000857688
15.32208931,86.34057666,0.108608045,0.000794328
53.6616238,97.41111714,7.892360437,0.000763539
49.58809706,27.33610844,1.122575488,0.000204183
12.37284475,91.10445903,0.963328811,0.000556686
11.27482421,87.32292213,4.919501212,0.00040636
60.86556195,80.60367384,4.325118352,0.000525702
91.59612465,86.23159487,6.799099395,6.46E-05
56.76986429,25.57444256,0.115890602,0.000165026
14.54519787,14.78266332,6.885194268,0.000325991
88.17530515,55.30079088,0.511193732,0.000773343
92.94731011,40.20422475,3.464875669,0.000248884
84.47554373,5.869304217,8.566606251,0.0001352
94.08619011,2.56397806,5.173538541,0.000336821
59.67816153,26.67331017,2.092035027,0.000448393
53.97279186,25.77396999,6.459590515,0.000956189
40.26384051,68.35416233,4.204695622,0.000299238
42.16321556,95.36433576,8.875206084,0.00087347
52.28354316,67.80619115,3.559124634,0.000891558
35.58169017,0.724641337,9.117342748,0.000914073
67.38579559,62.59595107,4.16153022,0.000391629
79.17731797,12.72831495,6.72423172,0.000285451
46.8497941,16.58690702,5.174972276,0.000605355
58.15871825,75.92495885,5.03538916,7.85E-05
4.752897076,89.92312271,6.418649115,0.000553383
68.57696744,91.31649259,7.067209288,0.000551736
31.81858556,41.90746529,3.132821446,0.000188393
63.03320365,73.15946496,8.338455904,0.000625938
95.46593553,89.22782447,8.937701783,0.000706438
65.72546318,82.78050998,4.433694394,0.000117055
87.25679237,72.99592328,4.030304717,0.000976361
84.92020121,86.78251056,6.792970229,0.000973092
79.53943704,22.31158701,1.475144797,1.62E-05
18.42790608,63.7733365,9.057294369,0.000339699
62.35438312,79.0610771,2.273514019,0.000151737
67.56109068,74.68237337,6.434165825,0.000763389
85.85878652,21.98467123,6.307395664,0.000145611
98.32150492,90.81391311,4.952782909,0.000260592
44.0670392,80.64763879,7.522998953,0.00051283
9.478159997,5.865283113,0.128524582,0.000787938
93.85682926,46.51039471,8.637340944,0.000846785
22.68092427,36.20994652,5.512180786,0.000628294
66.13393114,81.10143971,0.12168145,7.95E-05
88.1846176,6.02292848,2.975536489,0.000309698
74.08414153,79.93784635,7.629088804,0.000986369
9.22446444,29.20432361,0.417864152,0.00039677
23.28190926,69.63964534,1.919995135,0.000669612
80.55316595,6.87300397,3.889733183,0.000625732
48.80020819,34.29393105,7.842666329,0.000786074
64.54857119,36.16345715,7.776766089,0.000884843
49.73653895,30.0292382,9.64921303,0.000224097
63.18021518,82.46511876,0.291356582,0.000369081
42.44210363,62.66756419,6.631866462,0.000153882
24.04827796,34.06347106,4.713914352,0.000714202
65.79731769,91.1610238,6.062940437,0.000848835
88.23613841,52.15090196,6.304652839,0.000408757
21.02894959,96.94045559,9.913304162,0.000636779
34.60764032,2.230901882,2.139699989,0.000871728
17.9261566,41.04682399,8.273507801,0.00042815
30.24701252,4.24484738,0.716988089,0.000198463
80.56557325,55.46830059,2.30426967,0.000122228
18.68974429,42.10183809,4.401681069,3.42E-06
13.93335684,94.51317334,8.84824405,0.000658639
69.51262002,62.20128943,4.075952933,0.000125046
42.18430254,78.59623743,5.671332272,0.000815342
3.157286554,65.18790263,5.290270699,0.000906603
45.9679908,7.481139167,0.608764689,0.000899923
26.44853418,4.741815503,0.57527633,0.000940179
40.35604351,65.14058174,1.826093959,0.00096731
8.453878541,83.64621004,1.29892706,0.000437647
28.18127962,52.41681561,0.591315512,0.000637615
28.56433922,2.647451207,3.288635092,4.11E-05
59.138002,59.62876499,4.222241062,0.000907343
89.9617979,23.63030841,1.086071657,0.000975376
76.62425403,66.07471045,0.486982195,0.000504805
15.07022631,90.21203577,0.972270491,0.000480672
23.27630029,84.1512036,9.925653118,0.000376491
40.8493045,57.14539759,1.297838705,0.000198825
34.39462266,40.66682826,4.447455483,0.000535931
88.31177165,79.35801768,0.810125644,0.000302137
66.38452786,91.32325963,1.361434773,0.000427257
49.85816519,38.92246139,6.935039223,0.000794916
51.02312974,12.68352446,2.483815017,0.000609773
88.93118021,94.90580002,9.190853123,0.000198623
10.62671633,35.71009552,7.710730714,0.000132857
4.82314503,71.71711907,5.658502342,0.00094914
5.644802481,77.17903789,5.045637127,0.000356823
13.00959654,3.066855159,6.026043665,0.000967083
3.816265242,94.10315093,1.04377131,0.000469546
38.76495229,11.7449681,8.154308749,0.00034333
72.8793611,40.20142677,7.382711528,0.000478761
48.4592223,57.20694494,4.557809326,0.000615398
18.6171043,22.06858975,5.836454382,0.00093346
34.09285783,29.53886057,0.154959167,0.00048256
57.82245357,92.43241095,6.974996231,0.000990971
70.27678324,71.86295415,3.916233939,0.000113709
70.36895595,68.02053546,0.041973952,0.000494327
17.29532769,58.40534674,2.166606562,0.000758835
74.08659604,73.55932333,3.69446116,0.000477912
74.50618323,86.12168746,5.782829351,0.000167334
84.33047393,12.24703707,4.559719224,0.00026698
49.85725142,25.15388543,6.376051042,0.000957862
55.96567854,96.08184546,7.2645806,0.000499372
47.71868889,50.24542666,1.802767148,0.000916675
42.89887179,57.32052743,7.276884507,0.000442552
61.56264265,33.65668317,7.474149335,0.000633323
4.678624265,11.68811638,8.250732118,0.000626262
37.4898112,46.11754203,3.567045261,2.22E-05
11.63564087,98.87983406,1.060550887,0.000649846
50.96218558,25.14360234,5.513427116,0.000532529
41.02974465,86.01082011,1.477443723,0.000782252
30.07323226,35.23462266,1.70364748,0.000709401
87.16956622,43.19908076,2.633925725,2.56E-05
98.43201704,51.03030633,5.23761551,0.000317575
26.6341599,14.30281641,7.419842103,0.000387963
24.81157712,70.77146403,6.298421531,0.00016941
3.886789159,21.92551114,1.651833307,7.33E-05
25.72002379,24.26158264,8.251539863,0.000551737
94.58232262,95.10038567,6.587456929,0.000220213
44.85250688,2.285545505,3.229138947,0.000694501
33.74985873,39.03097481,8.723304179,0.000721378
82.97704209,9.088256104,3.356227836,0.000600796
93.11042186,11.54382643,4.171952027,0.00020053
95.0349277,36.74806114,4.650620705,0.000702535
90.72271335,32.87523849,5.836286346,0.000884017
72.09089012,24.51926893,7.133006185,0.000462755
5.493931672,75.6312479,5.433421704,0.000713596
88.07558097,6.171464777,5.469106428,0.000146039
62.1824593,35.90091215,5.120475581,0.00041694
52.1823247,56.6028177,3.369748376,0.000254149
76.27461519,49.59062899,3.046860636,0.000565233
54.59724358,17.50405627,9.535449375,0.000747413
42.27851397,31.66761514,0.817424392,0.000536346
64.51939527,74.14995204,6.577956986,2.78E-05
8.313344226,30.38690881,6.816368478,0.000343678
77.99048449,42.06111076,3.166265274,0.000777799
89.25718265,84.85794383,5.240256268,2.60E-05
96.92724594,79.89680571,1.606091049,4.12E-05
74.81061381,26.89858675,8.470046366,0.000987514
26.3580022,57.38892444,1.402431107,0.000373848
40.72068023,56.15280331,8.860364485,0.000287298
53.07244608,21.75573766,9.835557248,0.000377996
48.59771587,73.71096062,4.034843089,0.0009211
81.84670085,36.86439868,8.992079764,0.000323785
47.25932684,7.216570481,2.354876442,0.000576689
77.87060714,80.58989602,2.85642285,0.000542889
60.90932764,60.90991971,5.93638739,0.000336538
47.37715321,20.64552952,0.386037144,0.00051535
39.46351953,24.88515332,3.39663984,0.000401311
27.47179468,53.66489195,8.305370133,4.01E-05
37.68656439,29.23081627,7.625770707,0.000510448
3.018050637,90.30185214,1.922564034,1.21E-05
55.3082761,69.64811041,4.043867748,3.41E-05
13.17229883,27.4941353,5.712655301,0.000503074
97.09618301,53.35031639,7.063223858,0.000756332
83.88531099,4.777646212,4.43221397,0.000832751
86.31122801,7.842429422,3.023912687,4.56E-05
88.81532527,85.40896143,5.689095884,0.0004797
25.48292402,43.06627955,6.573850333,0.000561746
63.03780063,65.57706427,9.251087024,0.000156342
93.47125361,35.22300453,2.215442148,0.000136181
19.38900384,13.85761102,1.689368592,0.000541367
16.98316397,49.79072872,6.236263905,0.000579416
41.98191612,84.30708721,6.973628153,0.000780937
61.12228723,95.39586893,0.217424746,0.000861522
34.09300433,25.16935816,0.328923038,0.000341829
94.07836267,79.21508717,2.114982696,3.16E-05
98.10328625,16.49685145,0.127036436,0.000606878
26.38622887,47.90921935,2.054603196,0.00028054
8.885648229,81.4260016,3.532069067,0.000491819
37.91802222,65.7439336,3.535591097,0.0002122
9.968283798,86.5493695,2.6867845,0.000969817
93.9368812,44.19378304,9.914963163,0.000575847
38.99541459,0.595449353,7.315355854,0.000986244
13.31642161,67.26553628,4.311091626,0.000360322
1.234936629,18.2760383,3.698661202,0.000289697
6.151946778,55.17839285,1.271956122,4.47E-06
19.7085869,33.06590938,1.635220789,0.000426109
45.48105781,6.510020169,7.350084855,0.000488712
51.319851,59.41915829,1.970273289,0.000134668
94.31564488,58.37720247,5.504690677,0.00039458
70.65906275,95.49042794,4.710523583,0.000567808
77.24762328,35.34180409,8.762015169,0.000315151
45.01561991,67.42844046,1.433459651,0.000131338
73.8663356,17.56292457,0.203742207,0.000898386
58.75367307,42.48965575,3.490065278,0.000121811
52.31346257,32.80021987,9.038102334,0.00016548
27.15626683,71.64353996,3.393277104,0.000768648
30.82513297,92.70735548,6.89555555,0.000151041
57.15392448,91.01095312,8.01937723,1.88E-05
73.89978863,58.99817483,3.695763628,0.000413337
80.07659063,55.3297386,9.455841475,0.000733615
65.01390296,82.7967463,4.326463348,0.000655558
83.5754329,33.35344175,1.266710753,0.000890314
45.08260615,2.523867024,4.116285402,0.00020853
88.35610051,35.07704927,7.044172928,9.61E-06
77.33522919,88.16296765,5.916216909,0.000983868
44.65263894,86.3990306,5.733062325,0.000225222
51.6414004,0.6468392,6.230741777,0.000102919
16.23140711,98.26677667,9.641990844,0.000672644
84.27686964,90.03768434,0.089381115,0.000836336
55.50257095,12.09336818,7.786395183,0.000948211
60.23876944,61.26319431,9.778557802,0.000862685
1.346050797,57.53028298,6.046589591,0.000759643
75.50115492,75.3087138,3.288401001,0.000761086
83.30029801,50.21077079,1.676123237,0.000130573
33.77720494,93.74855899,1.63936372,0.000969141
64.11377333,74.1684812,5.692111454,9.95E-05
25.48885372,54.7903524,0.162718724,9.93E-05
25.06997148,77.54684728,4.127389837,0.000212925
79.29675164,79.84158106,9.565751666,0.000228375
38.20269079,73.73613768,6.852836328,0.000141564
46.47104089,3.579081993,5.913925908,0.000618025
99.3370822,46.39871203,7.114766396,0.00010721
76.46511213,27.96451588,9.207182788,0.000385391
87.4475291,12.50543943,4.38628841,0.000281373
78.75350515,23.62580205,2.767979921,0.00017066
30.81556675,48.31047758,2.260655486,0.000117558
41.14474907,21.89431472,7.009594547,7.70E-05
13.95858708,7.345027461,0.837314641,0.000169888
61.90291145,42.80057954,6.425261052,0.000602289
9.97163426,28.24785965,7.179865918,0.000780018
97.27424899,72.61281311,1.656506942,0.000382816
40.00858965,27.26477917,3.838940315,0.000605177
59.02841391,59.13870869,2.259089633,0.000405615
95.01879372,23.77413679,5.008835311,0.000471492
35.88404951,40.95627839,8.594725347,0.000161211
35.89631207,58.7353516,7.466548945,0.000300078
41.10479491,43.17739967,2.099339139,0.000898797
1.299118559,83.33128133,2.90042542,0.000388336
46.45656584,32.31671517,3.14194099,0.00086849
61.18571103,20.6973427,3.310456142,0.000461775
55.24943602,50.17426312,9.943778432,0.000175258
66.29105085,78.25995915,7.509754709,0.000234326
93.92249858,24.95861177,7.75723514,0.000391144
65.78595082,1.750525288,2.376888575,1.58E-05
53.42818297,30.04270631,6.859485665,0.000497649
94.88515279,86.82518041,6.706605516,0.000547034
16.19588183,43.44450005,3.96543596,0.000725818
80.25376658,64.97498486,0.256949512,0.000820416
49.07809012,78.96856567,9.67184991,0.00094624
20.25470751,53.21686501,8.790445405,0.000786601
33.43880453,26.51011031,4.400498832,0.000551948
66.21723289,14.52344565,8.060822457,0.000150676
67.93034904,45.41441135,9.218789226,0.00046455
54.00983793,78.23963708,6.71815782,4.61E-05
6.482055768,81.66060819,1.945723182,0.00083927
45.60533314,87.47421594,6.882853623,0.000850668
25.02144601,79.56520042,5.154248359,0.000778888
46.80214258,85.61138095,8.882172552,0.000216147
91.86378233,75.71493153,8.997226068,0.000631429
94.92383105,72.45634564,0.339450684,0.000313698
65.82256119,35.66389111,0.921264262,0.000126089
69.18381967,33.29170681,0.773014562,0.000762488
90.15160389,96.80707407,9.426042966,0.0003615
39.10975212,52.75070134,9.008800953,0.000240705
21.40497357,86.91048281,7.493812225,0.000624038
83.10661438,15.73541101,2.486204369,0.000846378
30.53660405,20.75945799,4.875606933,0.000839369
57.53008953,53.53073795,7.162809791,0.000245307
13.32272459,79.1033043,1.610280461,4.10E-05
64.46521914,33.93526553,6.593990732,0.000294645
77.06002169,34.29386843,4.052120281,0.000460341
21.02865797,70.84856645,8.303652795,0.000643123
31.60824104,78.29978705,0.434152479,0.00053299
76.89124969,33.38428938,8.649315049,0.000943477
1.931380667,50.56761454,4.096067941,0.000885809
68.39727452,52.38343493,3.15545264,0.000298274
60.83606989,74.62992526,4.392096261,0.000438834
77.45227732,9.06644247,5.304463185,0.000279104
87.06530706,19.64976852,5.501444873,0.000789984
1.20673483,68.26830664,6.423414918,0.000864829
39.69787831,31.35405787,9.932809538,7.42E-05
94.43502239,58.546335,4.319543503,6.52E-05
2.617106496,64.39276398,9.232705887,9.89E-05
22.53556374,26.02801188,6.133912846,0.000396197
4.336625709,85.20325279,9.128416539,0.000365597
52.17067406,79.30275785,4.44671561,0.000959668
1.598340584,54.80855404,8.077647294,0.000797007
91.08364188,56.86815412,3.516646387,0.000503615
50.85412798,62.45931589,8.07136516,0.000518223
32.75477827,9.628675046,2.729752841,0.000847989
94.71509469,66.96511343,0.344765484,9.19E-05
97.71572535,8.323735019,1.633242958,0.000839393
22.26714021,22.53791887,2.458885616,6.12E-05
10.58465599,73.50234102,5.630336708,0.000597588
34.30265053,49.90040962,5.574097889,0.00025962
40.53091456,42.04703141,2.443708413,0.00093311
23.45341659,87.04819695,2.898310487,0.000817266
36.04730028,47.14434669,1.03978564,1.97E-05
13.22462375,58.15388445,4.214564058,1.53E-05
53.17329583,69.51272762,2.886477585,0.000966939
51.60217585,98.38676181,0.811515759,0.000757727
47.8663494,34.58940769,9.015909882,0.000610115
19.24606089,3.637950705,6.824888661,0.000606157
4.755670413,50.8167894,0.601733402,5.70E-05
22.88254225,47.26209638,4.873424568,8.85E-05
76.19977326,48.20536746,1.512037858,0.000931154
29.77353709,86.02437173,2.652314483,0.000389663
39.25203329,18.29397269,6.55725299,0.000236362
76.37423543,7.653610641,8.43744777,0.000528313
11.31307973,23.8229201,2.854070461,0.000717371
43.96133774,96.37007182,8.838383597,0.000336672
48.57247244,49.210139,9.047281229,0.000751683
5.929964415,32.90450555,5.334820574,0.000319801
33.06285051,49.86114075,9.316711499,9.22E-05
90.17302393,56.09065889,1.881289984,0.000174515
32.12525943,24.98565693,4.605007447,0.00045044
77.88620312,56.93843357,6.652772895,6.78E-05
97.69544216,9.793013263,9.224926359,0.000426802
73.62059936,36.45313539,3.240292257,0.00070593
33.34698521,10.61344078,4.923122474,0.000389803
42.46683929,85.24676253,9.309346712,0.000670907
69.58949383,49.63175118,8.738015023,0.000890646
57.46051492,36.03531704,0.159763809,0.0002023
69.03698419,21.41112238,4.958768522,0.000932508
76.88279988,68.65913827,4.512282757,0.000964854
72.06085397,93.99594358,8.351936467,0.000959296
19.71324468,83.98075609,6.3641617,0.000131915
34.12509842,97.41911809,4.182073501,3.68E-06
84.91887255,19.44003186,6.628364668,0.000363775
70.2373623,21.45709033,9.396958006,0.000239251
66.73470057,10.61147941,1.074427932,0.000501764
80.933996,63.23828082,4.666597781,0.000796303
8.938411104,62.31819779,7.981410019,0.000426883
3.151764123,85.30213561,5.442322776,0.000471574
17.4967693,27.49319002,7.814090269,0.00013548
56.75855457,36.4774545,9.282676398,0.000306117
94.11419,7.691416698,6.856795429,0.000143323
91.83627587,47.58358681,2.712238599,0.000497537
73.70127633,3.908587236,2.042366567,0.000155159
14.27663744,90.63081871,2.527177739,0.000368426
96.41921549,16.63975797,2.325460966,0.000127069
76.98471447,26.08380194,5.64224105,8.28E-05
13.31375307,41.84293984,9.137860828,0.000977801
28.50639446,98.6823531,1.265932567,8.92E-05
37.26099538,92.0127536,6.791436199,0.000662784
48.2562009,40.13104318,6.916855542,0.00091998
32.97720016,87.74953722,0.290910543,0.000373528
70.08666848,92.93302429,8.524362526,0.000466591
31.88810561,51.28587254,2.948086139,2.01E-05
64.78089047,64.83833012,6.313042518,7.17E-05
25.16909854,26.82542833,7.119585075,1.19E-05
50.86396184,12.43897076,7.268012846,0.000684287
28.04401237,12.48387159,4.623119553,0.000440294
41.45353543,27.24636977,7.30624672,0.000114832
3.373911703,71.66160041,7.561725563,0.000978578
12.04435528,6.840186155,3.779388908,0.000651516
34.99668717,45.72562122,4.890291299,0.000170725
80.06367966,76.63207769,5.812766854,0.00077961
72.89104908,19.50446254,1.286660734,0.000990883
79.2014684,82.32841164,8.228472942,0.000886281
86.94680141,95.67499525,0.812133424,0.000317451
22.98977874,65.58468742,6.734447877,0.000668215
17.16708293,97.71030686,5.853403933,4.69E-05
34.47625639,17.04449983,1.671710389,0.000922756
56.3078647,75.17321348,2.107312966,0.000701199
82.0150046,83.77071262,2.456255648,0.000638054
19.05416517,75.69264629,5.997466114,0.000686732
18.90918054,21.33624585,0.701147354,0.000355282
51.02848907,19.2059513,1.972768803,0.00073869
73.46674366,26.28682689,9.56432973,0.000785262
95.00226474,51.63880196,0.616804973,0.000304863
87.05691734,16.56452497,1.668319553,0.00057193
68.93739588,5.941773229,0.810732787,0.000209045
95.36320833,88.31936695,2.539473948,0.000547559
37.19048345,73.38077231,8.317469656,0.000981837
25.85341556,28.13938729,0.453793226,0.000347033
44.23078993,92.48030314,6.553749317,0.000526422
86.37477762,88.42161799,2.829263067,0.000338178
8.250256862,59.44185137,0.533343439,0.000552712
6.082161481,40.87315611,7.50440091,0.000755428
88.21201485,94.88065156,9.633213661,9.78E-06
63.33989872,4.198881756,5.574559526,0.000582162
3.53018225,54.98368753,5.880518057,1.05E-05
30.98674029,62.91247383,0.658744487,0.000158903
55.25230668,18.47990058,7.339368202,0.000389948
56.55970746,84.27248517,1.983239824,0.000188299
17.44811392,74.26723436,8.547213583,0.000230229
56.56729777,10.63568656,3.834412758,0.000118175
63.18655904,64.68065556,3.192400119,0.00047039
52.5354954,68.2754846,5.25424702,0.000840143
98.90997707,28.77026658,5.929950312,0.000622708
64.83246728,67.17909724,6.682703582,0.000865862
2.331320749,76.19716484,0.158414953,0.000802291
63.48401083,18.28384063,9.609250283,0.000880322
90.6757124,11.85226385,6.225496489,0.000336346
18.9836408,60.12352391,4.995989599,0.000146705
17.38664867,44.11618433,1.154180374,0.000140046
31.02564227,95.534296,0.276851751,0.000987127
15.73599692,98.09544196,0.948889697,0.000761535
78.67383447,37.49862661,2.338602501,0.000263807
99.21770272,77.35096886,3.893317045,0.000351773
66.57412833,87.38080431,6.762547298,0.000426929
43.76680975,48.39897547,6.383581643,0.000781916
15.01800295,30.08669248,3.351852366,0.000463286
74.78760141,16.40067601,3.962309048,0.000758952
5.671255068,38.85540242,5.238289044,0.0009817
95.08334188,4.063543067,5.256918087,0.000133396
43.78340298,22.78318708,9.007789962,0.000586493
44.65905048,83.21837568,6.037324227,0.000373686
22.04206459,68.92173573,8.924189441,0.000110255
40.60122739,82.77712024,3.287744081,0.000105739
51.17634619,57.12840143,5.079756811,0.000714968
14.61490058,52.80414018,0.256222132,0.000726856
35.1691546,61.76822676,1.859142949,0.000393543
52.49313488,76.16372649,3.439489603,0.000559243
9.30688452,15.33388493,0.996334525,0.000536549
98.41678394,23.79794172,8.257667919,0.000897456
21.96465687,88.14628601,7.435416416,0.00099299
34.38390305,33.94645517,3.099352404,0.000461611
79.67200028,31.53059382,9.721278815,0.000932718
80.91638615,90.97860009,8.40083904,0.000400271
72.53344968,26.63763028,3.229927299,0.000325051
32.79993178,64.31155023,9.430660913,0.000298763
4.574868657,61.19971265,6.434311133,0.000486838
70.57116494,89.03418928,9.421419436,0.000332892
93.2102559,87.00336299,8.511917225,0.000112964
20.05589261,5.742240742,1.987339382,0.0008802
43.31842807,6.452042265,0.855107667,0.000926282
32.03945326,14.27907926,6.77745188,7.32E-05
85.29022511,58.42953739,0.999683974,0.000982728
90.347354,23.58702101,7.09003502,0.000963592
62.43707551,50.91119444,1.736952476,0.000228777
4.575172162,92.13184626,9.089900932,2.36E-05
11.47241091,2.700421847,0.55159327,0.000312497
44.90358145,9.868041475,4.240489417,0.000802475
76.27120946,88.13703721,3.579184004,0.000863555
37.01615221,84.41288154,4.168900738,0.000748021
86.19963531,27.57122965,8.777292911,3.85E-05
90.96392546,55.41746862,2.825301569,0.000649192
51.19248481,65.55161198,6.386953884,0.000815513
9.704287254,28.02231405,5.374401874,0.000115451
44.38259431,85.78404357,8.877556227,0.000523102
28.51428358,39.39736467,7.174496985,0.000649077
17.65352825,8.116045425,9.164705172,0.00044816
86.68255926,39.75536262,3.796998828,0.000823811
17.23883168,78.68987475,6.523721119,0.000230755
76.63805368,70.90703937,4.662622886,0.000238938
5.04545429,20.83716056,6.491218501,0.000517232
32.85768902,31.79386898,0.184120411,0.000852169
94.8899305,11.45860178,2.682658241,0.000884376
39.14725535,10.46106386,1.538981405,0.00013396
31.46264528,92.32558245,9.101139369,0.000761946
9.79353765,77.98471576,5.695505849,0.000702046
6.527090517,24.20765827,3.657088387,0.000566148
77.1717887,96.63052735,7.80385212,0.000910807
72.8722336,78.98753728,0.93860598,0.000805167
64.81722702,53.86159528,1.318102545,0.000286531
34.0405227,14.74207572,3.022264884,4.71E-05
24.19615605,81.6653046,3.682960263,0.000378072
26.74636716,82.5940717,7.217831116,0.000509199
59.48054836,29.42906055,2.339012691,0.000846659
51.7651459,5.536847439,8.491571536,0.000585631
33.93029676,23.24891381,1.912555969,0.000952996
72.43445164,88.62256119,5.987044635,0.000500926
40.82562762,95.34950212,3.158033785,0.000249278
52.54141031,69.77899925,4.538502943,0.000450827
40.67680052,57.2682478,9.204276354,7.21E-05
64.87914911,62.74379335,8.203538805,0.000284076
89.34459353,48.98295865,8.786201001,0.000180743
37.1460352,91.06922214,9.160002418,0.00066518
93.74687549,57.87856406,7.791773936,0.000841507
93.69224734,58.72266237,1.440679631,0.000215428
50.88025166,56.27179307,4.678557558,0.000127585
57.54727418,76.63905476,3.815608912,0.000499958
54.47811886,8.294638091,4.139668188,0.000104259
90.4252393,51.71820358,3.077866377,0.000553668
14.71778047,63.14481564,5.074423256,0.000955123
20.79552367,67.51137402,2.507712651,0.00084742
73.92361643,40.51367078,7.802068413,0.000425197
30.31447574,24.65905051,1.884956101,0.000158277
5.566623012,48.84028609,0.785198926,0.000898291
67.1736646,40.33207888,5.92132296,2.10E-05
75.68490753,84.46771173,7.319901362,0.000249284
9.94350592,43.21349477,0.733015011,7.14E-05
24.4250881,22.43869472,0.16004015,1.25E-05
27.97977311,51.31346027,3.41477145,0.000993197
38.12173238,8.701786388,7.661849875,0.000125726
52.21518299,54.04500309,2.49946681,5.14E-05
90.4949086,97.47983282,8.46113806,0.000241146
21.35553751,48.98393004,1.75510796,0.00012883
49.36673648,73.08477845,5.731194182,0.000478559
60.22251986,63.48165397,3.832151288,0.000842891
42.17829786,75.69146711,1.498466212,0.000497866
32.01140361,23.34100621,0.077096839,0.000495079
12.62232421,9.834962681,5.033172521,8.19E-05
54.92149941,32.68519235,9.471729551,0.000974272
57.17207026,7.482989888,1.762160337,0.000409935
9.681846622,70.428691,4.335319368,6.10E-05
27.62531791,82.03863255,3.496200615,0.000558176
70.24319471,76.49949084,1.991350314,0.00059184
19.36968043,77.59088165,9.055107928,0.000721978
77.49960645,36.66017234,2.160947754,0.000997336
97.96200544,9.757427749,4.831697183,0.000694504
17.31492923,83.63956384,9.265939094,0.000377999
77.34175021,78.45587674,7.505413285,0.000704304
24.87698677,96.40982203,0.565257941,8.76E-05
15.89796754,94.68119692,7.90399442,0.000934032
23.19550632,34.19708292,7.366899933,0.000408582
50.75328749,69.56989913,8.019556818,0.000953654
85.77421278,68.19577629,7.610827552,0.000605266
73.24181408,39.33125407,9.693319271,0.000294013
84.88327414,41.32754714,3.407770014,0.000343652
13.27854472,32.32288757,0.629877326,0.000189022
31.6925672,63.63730655,1.661807374,0.000967224
77.41148016,17.23740994,1.924545169,0.000228336
41.72923154,44.58957882,8.587766166,0.000705457
34.53767586,56.46858396,0.815470376,0.000289471
35.87390311,45.43171388,9.476111926,0.0009807
12.97187621,66.00367345,9.440314685,0.000560566
62.08699853,94.26595538,1.132036706,0.000351693
38.39135215,41.69729149,9.876252735,0.000731913
14.6710262,10.96669057,9.440100895,0.000621972
38.69406885,98.952482,5.304026012,0.00015366
67.00865085,45.49600155,7.501696187,0.000219687
77.74847685,13.35308668,9.407568094,0.000259223
82.29716292,85.12448957,0.979756378,0.000611154
24.82370073,62.98468077,1.383412693,0.000387053
69.89336101,34.6650968,1.865885881,0.000435076
17.36516796,88.10963993,9.283020045,0.000988344
47.70483441,74.84063095,5.204920961,0.000849146
23.56013512,64.94250125,7.306808769,0.000890549
66.28827955,92.09957587,2.454116991,0.000774796
66.13204064,5.285680497,2.25986321,0.00017674
69.47149357,49.00154808,3.319975956,9.25E-05
93.71962964,74.09697862,1.32606492,0.000479058
20.31637892,26.98576957,1.046746557,0.000577341
6.554408647,63.84277601,8.078227496,0.000303615
63.82340592,85.63298928,2.918325396,0.000199956
22.70436485,98.67432975,2.467890311,0.000240467
41.20565547,42.41524496,2.841883425,0.000252042
70.63505106,24.06071222,4.79845921,0.000691404
84.48112864,94.84959081,1.372902415,0.000824366
71.28862203,14.19293421,8.343687055,5.91E-05
44.86868651,19.37260647,5.447737213,0.000307515
97.78978957,46.58754796,3.185089162,0.000505907
71.48908593,60.46602123,9.866293565,0.000207457
46.06410459,1.963557622,4.934597809,0.000467298
6.220290223,43.50043169,7.420200289,8.83E-05
72.55175697,46.00010543,3.615678533,7.31E-05
68.51025153,30.12152713,7.759723219,0.000570965
94.88867357,14.10511074,9.165956885,0.00047324
24.56171208,96.39610018,6.448434597,0.000921736
90.35865947,46.12003358,2.364574914,0.000453521
75.2655008,81.24441385,9.112935871,5.40E-05
65.59174,83.06892993,0.20162424,6.01E-05
26.47053513,23.35883248,2.938594973,0.000787871
69.43343636,49.33936977,9.678857868,7.69E-05
30.51429729,93.33977043,3.139310767,0.000944682
81.52842458,87.02590857,3.853291298,7.52E-05
32.03172358,81.60859749,1.420404741,0.000769422
85.45235819,82.41735811,6.422533407,0.00044974
77.50184037,77.71525272,3.075520656,0.0001516
40.34273749,51.3827033,2.419827479,0.000811161
98.87663869,34.935667,0.122374376,0.000217105
57.09949972,48.40700373,7.072470971,5.50E-05
30.67035449,49.74172105,9.965726895,0.000212929
82.36439518,7.02783765,1.428856045,0.000830399
97.51931085,13.27116322,9.379704799,0.00097957
76.17898941,59.91356077,7.005489647,0.000465524
74.37735105,48.10611138,3.890318483,0.000171959
69.0610577,29.54513044,0.863153823,0.000724123
37.16845832,73.69787075,1.745521755,0.000834064
73.78028346,8.202822171,3.131638781,0.000841897
34.40589463,48.7229439,0.220075204,0.000445064
33.19716845,64.47002672,7.68077201,0.000672557
28.42312212,92.84815841,0.455946843,0.000932235
22.94809177,38.52069497,5.413422198,0.000414478
8.840842133,56.84673542,6.72231725,0.000443115
60.77548394,1.134052811,7.956190555,7.78E-05
51.22318358,88.61309112,4.856372451,0.000614154
57.62174441,46.77968231,4.689880097,0.000784851
80.30697451,81.80038553,5.237866258,0.000816574
3.95765675,90.62352805,1.205409434,0.000135566
38.57206963,64.17493785,5.688276693,0.000155792
96.27301651,17.2134007,4.449630819,0.000706437
64.14221483,92.25967565,8.28051989,0.000960009
52.76155475,93.5069121,2.507098448,0.000147814
28.57694286,95.8136072,6.686905538,0.000433499
65.07061152,15.58112479,5.033574612,0.000275334
59.46343133,2.78847995,6.778094095,0.000121392
5.441593651,48.89613245,0.854865183,0.000362052
53.5324417,74.99742773,8.178125857,0.000248752
71.37469758,30.94026137,9.133760974,0.00090962
84.45417983,5.923729629,1.577098878,0.00051567
75.32732339,91.66051947,7.033677818,0.000623852
18.69512725,70.26944984,7.335777896,0.000890632
70.43807751,84.96112238,3.914381494,0.000392972
70.19430052,85.22212393,6.025159485,7.48E-05
43.56722568,34.52478086,9.208919941,0.000364558
26.68938128,84.54303149,0.709777322,0.000977675
20.54296488,53.37839069,8.332766018,0.00048114
56.2553738,29.90199199,6.407879737,0.000743552
75.20412976,32.64307603,9.953589522,0.000387875
83.33393362,35.29075137,1.533619341,0.000564142
66.91899019,66.48865502,3.731982257,0.000667737
42.73933893,50.8559284,3.817895722,7.50E-05
35.4369409,20.47054128,5.359674968,0.00085738
94.39208948,61.30451047,3.291809321,0.000476138
77.68326072,80.92623373,7.366724724,0.000495804
30.94433752,11.09546384,1.602794258,0.000802673
21.41824118,14.69249251,4.035035182,0.000390636
66.26823047,77.08679856,1.708584603,0.000133684
76.31780627,47.11332005,3.152694763,0.000571166
40.34053903,19.48505002,5.339661286,0.000406518
85.79150951,21.17786225,6.127567705,0.00026953
22.96636219,7.105263225,5.318721006,0.000197462
44.64259828,26.31368111,3.515396943,0.000768149
22.12664901,12.03031804,7.493458039,0.000513091
12.45504588,13.77744983,0.335389444,1.89E-05
64.85221968,58.56323729,1.261009686,0.000405378
90.42240015,14.3231583,4.194155434,0.000290753
95.10336048,75.84772369,4.268308311,0.000621052
35.56759742,75.97278631,6.315273749,0.000120744
72.33727507,33.49245884,4.603718865,0.000424985
63.48198485,18.36317539,2.133480367,0.000379503
40.27342482,86.68650679,4.961468674,0.00060604
6.858006116,28.86484657,1.107237879,0.000678541
30.63629058,65.97499304,7.001891319,0.000785942
73.85123591,70.07580338,6.066115324,0.000409402
72.328441,89.0517825,3.313634628,0.000596997
4.945742729,57.56083202,0.927502879,0.000979148
61.3661251,38.51136482,2.801183501,0.000163966
83.36705608,52.99465739,7.170938264,0.000236812
24.05254593,44.40344693,8.173379565,0.000209791
63.70363143,16.65414674,6.198431501,0.00027932
88.55051013,72.207343,1.34698674,0.000421716
12.57853387,19.41506222,9.788968648,0.000776487
71.83665012,29.59660277,9.977620496,0.000892898
5.66811707,4.549768288,5.141001291,0.000910418
32.65112008,44.27387339,9.640536175,0.000748678
56.06211436,43.67102808,4.083121188,0.000564377
68.73946484,67.68464964,6.720285968,0.00028891
9.8076439,64.32685224,2.338365541,0.000510566
91.55626955,49.56363499,3.897462786,0.000203169
45.24184525,54.07800818,7.720452025,0.000420454
93.42990095,62.95092122,1.963299858,0.000825816
8.235501093,8.006921471,5.833415925,0.000448903
93.21908165,84.95451632,7.891709377,0.000149605
39.6493578,80.1536521,5.553798878,0.000674406
81.86148834,44.24863914,2.569670308,0.000289716
98.62771092,7.24287536,0.609360947,0.000479206
64.71136361,4.824161209,8.092774938,0.000823711
12.78413604,26.66537703,1.487093443,8.78E-05
62.49403318,55.55037664,5.897653636,0.000829448
15.14778322,13.65652339,0.12568631,0.000379736
39.53277116,88.48862844,9.722468558,2.18E-05
30.5479597,7.598759034,6.893387397,0.00038074
51.63023356,10.32720837,0.926702144,0.000981127
30.16262368,85.43326814,8.940800387,0.000680668
51.54564768,51.80321962,1.740903437,0.000758856
53.42885733,61.82018528,1.691845589,3.03E-05
20.01310447,78.13516257,0.429194616,0.000952411
20.10962882,13.4095258,6.670506155,0.0005598
49.97206432,44.14048272,0.863810963,3.67E-05
34.57713228,4.815288092,8.520123736,0.000629507
81.34362459,67.39620035,5.619516345,0.000861392
93.47474095,94.10189346,5.414167293,0.000140462
63.50927122,24.67447347,7.562479847,0.000443773
93.49510288,11.38387568,3.768213571,0.000259098
34.58088262,40.16251602,5.830717243,0.000834926
58.91398145,81.85507138,4.983836819,0.000447635
51.55943613,86.03160545,2.231817941,0.00093575
6.704563281,22.80797991,0.015309228,0.000394209
92.55533615,68.44136634,9.623220833,0.000369536
92.17220055,11.24811002,2.322977338,0.000181272
17.78020269,96.77161417,2.439361284,0.000669816
70.00010132,13.90443385,2.64344914,0.000259713
64.9390287,79.93469838,8.486674235,0.000117533
86.57964535,49.3542206,6.400168643,0.000733426
2.94620665,36.4591903,3.366534488,0.00034211
27.8299618,14.86484542,2.210819879,0.000503147
63.07780322,20.78599387,1.588893482,0.000605146
71.32538841,52.40194399,5.736357237,0.000270481
3.254556367,84.49391984,0.721089049,0.000489701
34.65959322,44.91661282,6.282552787,0.000504692
47.34974532,1.58069292,1.04103234,0.000755317
52.09724213,73.68257266,5.759522605,0.00015834
41.29232102,26.71420111,7.324699934,0.000335891
84.86091512,69.75376991,6.034316333,0.00019358
37.65219389,83.45505492,1.179019246,0.000324447
98.73152327,53.09939222,4.909159237,0.000723255
42.91169073,41.81456477,1.649297005,0.000514763
73.08839636,36.16849026,8.512278176,0.000628428
35.31198766,92.23778912,8.883829619,0.000441025
39.32577813,47.64122192,1.513868224,0.000872433
84.35805098,89.99177863,3.06545461,0.000535801
92.89304048,88.60486561,5.570996062,0.000756859
84.31620447,65.96588979,0.682095481,0.000364076
24.76169798,25.00847937,8.669455636,0.000247693
97.51631511,33.75131279,7.946801263,0.000734088
64.11354822,64.78981994,3.702794362,0.000439478
13.29235647,73.98819321,0.842840607,0.0004541
30.4968065,25.6232619,8.329734702,0.000476023
88.92565092,31.22374268,3.320663783,0.000623655
89.61851293,37.26890311,6.377613844,0.000252307
50.9065113,80.13391964,6.297357776,0.000247176
80.60433679,86.26490061,7.635579401,0.00043496
92.06582838,41.1680746,0.001864591,8.39E-05
98.03001512,62.34182362,0.646056258,0.000191289
75.97174995,48.58399828,0.946923036,0.000883649
4.726884032,54.07910327,0.191107236,0.000179494
88.71576803,68.01758732,9.925729656,0.000437989
18.12596273,55.08570502,0.151037132,0.000529221
25.64440361,83.2878242,2.842517703,0.000112083
91.31892959,53.64146117,3.516615548,0.000849058
53.03770771,44.68190737,4.350717047,8.02E-05
72.96311165,48.95901639,2.031244689,0.000942285
98.6831658,87.97349756,8.27472671,0.000755439
51.74705311,47.70971593,2.798569659,0.00047207
36.95348998,28.46034725,4.03744738,0.000210677
50.23719217,63.30086555,4.088219015,0.000513284
30.23810191,91.17857301,6.048306879,0.000598919
79.09325989,65.60579017,5.850344577,0.00051251
80.38846641,49.74863939,2.610390315,0.000177402
95.30413757,78.50738772,5.084237774,0.000664694
35.63505732,72.85061427,4.672952629,0.000263989
46.03045392,17.93946882,9.113885865,0.000648353
77.38796142,73.02472922,4.15394436,0.000176422
9.612509142,27.50550212,7.748723617,0.000100271
21.08697803,11.50019167,7.548547684,9.19E-05
55.43098066,9.837901319,8.233347938,0.000387837
7.984813263,41.33194898,0.504631062,0.000992307
94.14461012,38.85963496,4.002290747,0.000166686
96.47137953,46.67744588,3.208575421,0.000842421
95.37890457,97.8431448,7.842110055,0.00026875
66.47506416,75.03773976,4.621140495,0.000644985
54.20114598,4.048504234,4.64952409,0.000932728
26.36015154,44.04934476,0.596744944,0.000934807
15.35359479,19.69596067,9.485122537,9.80E-06
95.59976746,66.59948312,3.974866489,0.000186362
16.7541298,34.98656424,8.735834249,0.000761835
90.52975163,67.75395494,1.895582741,0.000996771
41.09612761,78.03777818,2.693691006,0.000676294
90.36981358,57.80283493,9.367494158,0.000137529
62.43190775,79.12763178,3.304221593,0.000599135
54.20610849,8.674923378,5.038608189,0.00070696
64.99840697,90.28799007,1.928631008,0.000996621
59.09931058,64.87697615,7.519523642,0.00044632
96.1917343,50.43146862,3.559552701,0.000281408
98.82014829,19.52546903,0.29821709,0.000891714
58.66412678,95.72941356,7.971455947,6.65E-05
68.49490333,26.50731449,1.976917928,0.000683652
50.46934401,24.04520231,9.342175238,0.000463098
69.57291369,14.11497305,4.263786764,0.000506677
29.77299778,14.97804313,4.186729443,0.000815005
63.72277722,1.938033997,8.18264731,0.000682215
74.98775185,53.77819851,2.082222173,0.00039656
33.11599387,67.76124096,2.297837079,0.000841654
72.44986506,40.0839875,1.957038244,0.000191081
82.04918665,59.2567045,0.804133488,0.00028812
25.5341954,22.78915832,9.767621534,0.000674338
88.77396971,3.683481375,9.118809579,0.000350812
77.02333237,45.21609379,5.191740384,0.000220423
59.52242266,80.08400142,6.463005357,0.000715058
98.93633988,33.09961628,6.957553326,0.000638053
52.84019553,81.98353783,2.029453298,0.000814864
97.64639124,69.88545874,2.775507688,0.000263691
4.480226989,17.835919,7.614318464,0.000161929
39.24644175,46.64398422,5.06530084,0.000495354
44.97427305,0.482852252,9.264802328,0.000724645
8.440118912,26.76486798,9.510779487,0.000748403
95.42049754,1.028402544,0.767243949,0.000701608
42.69328521,69.99356397,1.356347685,2.62E-05
17.02311489,15.89023957,3.072927514,0.000870655
18.97113957,7.439692207,8.97958414,0.000818026
20.30920175,15.52265198,1.25795927,0.000666504
54.26417401,83.41207415,0.586208564,0.000162911
47.02884256,90.88513415,0.603018568,0.000356698
99.55502478,39.22047518,5.65825806,0.000511324
94.05606522,44.46818508,4.022397977,0.000111655
19.07615672,42.95844099,4.918291958,0.000249633
52.39335646,46.58441807,0.487114188,9.72E-05
54.62500633,15.74767361,0.273530063,0.000447255
29.63285482,88.2087654,1.415309499,0.000534354
50.6635392,87.11276596,2.85809586,0.000879849
75.37054296,31.21987801,4.293747822,0.000512874
75.58418547,48.68876516,7.529547008,0.000222707
64.79206159,41.99104599,0.45327613,6.72E-05
43.61566012,8.692598654,6.354212969,2.07E-06
34.21488661,51.77904778,5.310361878,0.000796922
52.03509657,24.66248111,4.800033297,0.000779908
92.0033679,89.8348521,6.258804565,0.000538157
95.45457971,41.94903068,1.789113225,0.000798004
36.68478467,36.45121467,8.287955205,0.000395748
5.706155535,30.96056241,0.875404564,0.000592094
76.70929222,85.34284781,2.906889476,0.00013185
23.51059305,70.39217159,3.560843326,0.000600196
51.26534632,53.16706653,9.838057267,0.000131213
45.03999433,42.34255437,1.789433338,0.000814093
64.47249815,87.65817794,2.685613956,2.49E-05
41.64331059,20.97156007,6.748642977,0.000847554
49.47674275,69.78517097,9.516473473,4.89E-05
50.24301997,43.51154838,2.248588762,0.000524444
32.38992534,77.54633306,8.014767784,0.000696788
67.77172132,67.70578302,1.548484391,0.000716394
84.06663822,58.70389828,2.184756951,0.000644978
40.43695473,54.79767174,1.139999714,0.000360858
32.1925265,51.79443921,1.330644348,0.000135177
42.35447729,48.9772922,8.055054592,0.000823996
73.27694252,32.36788062,5.190647618,0.000634654
15.7081989,85.81709144,8.066537715,0.000282137
49.56251921,85.52847988,6.826021695,0.000775532
94.34041226,51.48823598,3.898339016,0.000214811
20.46348582,97.3063588,0.019637455,0.000219409
22.85451834,40.53348907,8.770350947,0.000203376
75.32543577,77.62990164,9.538845181,0.000185607
98.20562353,72.24060453,6.729738677,0.000426823
79.79143349,48.05838888,3.975541436,0.000421395
89.96994739,55.42100602,8.058444952,0.000445586
41.57749779,43.74316058,7.257549253,4.85E-06
19.63005349,36.96010216,5.269426239,0.000964008
82.90380671,96.98390836,6.266122335,0.000258941
7.016210026,24.66423964,3.215040414,0.000362935
77.36520977,0.333781356,5.056173809,0.000822639
93.96880713,36.30201684,3.507990564,0.000171247
67.66613131,94.28202506,3.211560447,0.000659342
10.9805266,8.912128273,6.258130208,0.000934366
19.41275475,30.79257691,0.623237564,0.000907304
66.96791633,23.10721758,4.905365796,0.00016385
14.14381536,4.454369967,5.7079489,7.58E-05
51.64056102,70.02000782,8.003087127,0.000234716
56.4218445,27.7187482,5.083182157,0.000588351
71.62232346,53.10297097,7.724206894,0.000308781
67.17774336,96.07435249,6.479523303,0.000520029
34.8674255,65.55510599,4.396096947,0.000938919
49.22335855,73.11921967,0.865693459,0.000130532
57.69881854,73.49250215,9.600699701,0.000508002
7.683481316,94.24911669,5.252803643,0.0003043
98.9622728,1.210349024,0.395668486,0.000832739
73.66394875,53.97284942,0.597580749,0.000953423
97.32124449,4.536324189,8.734138314,0.000867401
48.23339494,66.96969817,0.524220287,0.000221324
40.49782133,11.12952757,7.168865072,0.000368776
54.50634031,57.99728682,1.05519671,2.83E-05
70.11804628,14.36002562,7.695223155,6.42E-05
43.77965395,42.44041438,0.260759063,0.000410196
97.20846134,87.86412613,2.209488788,0.000646603
30.55675286,89.24790658,3.50430984,0.000148335
34.04584425,12.4741068,8.543990655,0.00018248
95.66447972,43.14142375,5.587829613,0.000127143
58.07896245,46.88346529,3.492733499,0.000423894
22.63729559,0.309617037,4.369586865,0.000756061
61.2115245,6.300972991,7.425270371,0.000714957
47.693809,53.17191717,5.068320943,0.000319012
69.93433752,1.870549389,7.92960322,0.000735702
88.09124989,94.09709032,4.857446031,0.000209959
59.19076073,90.78593705,6.304280867,0.000900282
57.75778236,22.88645015,6.375084548,6.39E-06
85.33427792,95.40121528,9.828877265,0.000868829
91.27982091,11.37766392,7.957940639,0.000128539
79.45551284,72.65766766,4.274570539,0.000697486
37.41084924,95.20446618,1.809027028,7.22E-05
7.243256749,88.37768961,8.934436596,0.000934993
25.26358341,87.34568471,5.135220386,0.000955719
84.41107866,75.50146019,4.337647671,0.000614847
27.12856372,85.6956873,1.817685889,0.000171071
97.58033414,47.44089952,6.739057881,0.000343501
52.91073975,8.793019421,2.841527501,0.000470549
90.94948474,62.63375483,8.69015299,0.000450201
55.7865912,83.97631805,2.405062926,0.000889761
59.0538566,32.14556332,9.120074601,0.000407797
68.25128619,54.0847013,2.143156789,0.00093933
48.85542885,47.91122502,7.516234644,0.000682526
9.892883601,47.28064612,4.720533746,0.000295111
45.56678448,16.08255549,7.581211932,0.000855858
43.04645286,37.71225924,4.819578058,0.00028191
25.14317567,21.81550223,3.154338222,0.000768957
80.85721746,39.97915336,4.981400528,0.000908822
93.740754,53.905316,9.394979286,0.000437143
24.01601431,48.71116975,3.050737577,0.000547621
34.85965446,56.91881154,2.506336191,0.000470475
68.32274895,25.67825009,7.410879486,0.000215514
87.29934526,56.53828307,8.506228574,0.000953151
55.84966576,8.998143055,2.927566772,0.000491328
49.63037951,41.22213118,7.616411181,0.000702826
67.58819096,19.00446473,5.862603343,0.000791812
62.75457757,43.73626096,6.116594879,0.000923338
71.44284583,0.347497773,8.404166344,0.000174105
66.68226815,6.746298458,9.762851884,0.000973138
47.92113608,56.55679835,5.918817772,0.00014594
66.80232951,7.183862599,1.422674491,0.000180274
15.87203916,30.17822014,7.074570675,0.000477331
32.53736138,4.866532018,3.26190182,0.000878188
41.76766043,35.93840055,8.560633008,0.000124746
40.72873206,31.4323378,4.472605216,6.19E-05
61.76352931,65.03433262,7.678961122,0.000945436
74.52638488,73.89998575,9.999795119,0.000797023
50.33637459,53.82186215,0.417913594,0.000426307
92.29461835,95.07521693,9.039004265,0.000822866
25.33814156,88.36517384,1.998292398,0.000419747
90.4032732,66.62492738,1.326568991,0.000574839
16.36499847,90.9872579,8.012113626,0.000855451
37.11553448,2.609753524,2.884083369,0.000573018
9.115883638,22.89710106,5.071571668,0.000573376
23.36658877,60.66139091,8.661165238,0.000966094
69.67047805,39.55364031,6.396992972,0.000520033
87.3971409,17.84875866,0.226461837,0.000792758
41.70032237,78.19590448,1.546590022,0.000964131
43.23629488,48.86558888,5.025423115,0.000858699
58.03444195,32.94708818,4.521248567,0.000205114
89.70576326,44.68381639,3.351142105,0.000676406
72.18967133,47.00823802,4.060844332,0.000608542
21.86858113,61.20179082,3.803494368,0.000392868
61.42941882,50.40181679,8.399136344,0.000564037
88.44095088,78.99321804,9.025546213,0.000911389
62.97084792,32.54695882,8.973839169,0.000216373
50.16947014,37.4092096,3.537527647,5.21E-05
94.31126028,13.62861765,4.810432301,0.000705879
8.605002946,42.17019319,9.840747137,6.77E-05
49.6586509,25.40423991,3.816706115,0.000424777
43.81041836,69.53438032,3.094202598,0.000315868
79.61353117,12.64091695,0.966647574,0.000616165
93.0725673,57.96575274,1.088458683,0.000551163
68.31386626,92.41437003,3.928189671,0.000622033
51.38570016,53.88144283,5.666898451,0.0006762
39.84254081,12.7358101,0.729734889,0.000554578
45.97863334,43.4564185,4.061246838,0.000489091
85.73489612,52.60220296,4.469938214,0.000438508
82.77259907,38.69274188,2.432784177,0.000903605
71.02686274,67.42330875,5.563070536,0.00023711
36.65249445,87.28904274,5.84209828,3.30E-05
22.03964618,69.96619339,1.069909579,0.000102948
53.71958902,63.51788949,2.035351317,0.000670827
60.95580924,26.86635829,5.006858256,0.000160483
47.89611525,44.43465274,0.735910568,0.00094472
12.94551924,71.97596327,7.101065568,9.04E-05
22.63548931,45.60669312,1.82270773,0.000755805
55.64862606,97.84023787,6.815584876,0.000773421
69.76693108,70.05644917,7.887489567,0.00019108
82.49302476,6.332803146,7.619269565,0.000430454
70.78869685,85.82615506,6.628915686,0.000995279
60.60272209,60.36664197,7.542438261,0.000147123
74.17131124,59.57666318,7.863288851,0.000542965
6.18266142,79.34367671,3.825596082,0.000295904
68.15494584,1.777246344,9.137237238,0.000275179
6.174645282,92.60615233,9.816412559,0.000727993
33.9968071,30.07192622,0.899635857,0.000177417
90.67887486,22.54432226,8.626518451,0.000389269
54.76843802,90.34834933,7.338378832,9.16E-05
59.87991117,37.85529794,9.648119158,0.000986824
4.357659578,94.63379343,7.819668413,0.000843061
24.15801133,97.45579761,8.134048936,0.000428702
54.10394248,39.77340301,4.3014512,2.52E-05
81.45469076,48.60732932,6.955803548,0.000229693
27.94655731,6.493810301,3.551713933,0.000941199
12.29644566,75.63643718,3.118335553,5.97E-05
41.0211741,35.47209874,1.804414482,7.81E-06
50.75431106,74.82653959,7.479246561,0.000216109
72.58409677,33.29836036,5.477638759,0.000450626
38.75495625,48.0712021,0.855677181,0.000851788
54.37802025,77.8052909,6.091162068,0.000830838
83.3088183,32.05076402,5.284032247,0.000415606
56.33032865,21.26921561,1.315836545,0.000817627
